city_code,building_anchor_id,legacy_building_id,building_osm_id,geometry_hausdorff_degrees
BJS,B00001,way/24863,way/1025388836,1.4210854715202004e-14
BJS,B00002,way/25427,way/1095910518,1.5888218580782548e-14
BJS,B00003,way/173,relation/14180530,1.5888218580782548e-14
BJS,B00004,way/20439,way/764531232,1.4210854715202004e-14
BJS,B00005,way/10460,way/479314879,1.5888218580782548e-14
BJS,B00006,way/20512,way/764531359,1.4210854715202004e-14
BJS,B00007,way/16072,way/637271134,1.5888218580782548e-14
BJS,B00008,way/15818,way/637263812,1.5888218580782548e-14
BJS,B00009,way/4377,way/312056654,1.4210854715202004e-14
BJS,B00010,way/29607,way/1369817048,1.4210854715202004e-14
BJS,B00011,way/17142,way/638714840,1.4210854715202004e-14
BJS,B00012,way/13064,way/543848782,2.1316282072803006e-14
BJS,B00013,way/10309,way/479291501,1.5888218580782548e-14
BJS,B00014,way/21452,way/764629270,1.4210854715202004e-14
BJS,B00015,way/20854,way/764618543,1.4210854715202004e-14
BJS,B00016,way/5628,way/352933664,1.4210854715202004e-14
BJS,B00017,way/15911,way/637263908,1.5888218580782548e-14
BJS,B00018,way/18194,way/681798950,1.5888218580782548e-14
BJS,B00019,way/18197,way/681798953,1.5888218580782548e-14
BJS,B00020,way/29738,way/1408929045,1.5888218580782548e-14
BJS,B00021,way/17063,way/638714753,1.5888218580782548e-14
BJS,B00022,way/11638,way/520812293,1.4210854715202004e-14
BJS,B00023,way/11277,way/519941346,1.5888218580782548e-14
BJS,B00024,way/10015,way/479274470,1.5888218580782548e-14
BJS,B00025,way/20785,way/764592192,1.5888218580782548e-14
BJS,B00026,way/15576,way/637263505,1.5888218580782548e-14
BJS,B00027,way/15779,way/637263760,1.4210854715202004e-14
BJS,B00028,way/25530,way/1149325114,1.5888218580782548e-14
BJS,B00029,way/18985,way/695936589,7.105427357601002e-15
BJS,B00030,way/21541,way/810763742,1.5888218580782548e-14
BJS,B00031,way/4186,way/297847683,1.4210854715202004e-14
BJS,B00032,way/29326,way/1325469248,1.4210854715202004e-14
BJS,B00033,way/10996,way/519900953,2.0097183471152322e-14
BJS,B00034,way/8373,way/477934714,1.4210854715202004e-14
BJS,B00035,way/8761,way/478341956,1.4210854715202004e-14
BJS,B00036,way/28895,way/1318440595,1.5888218580782548e-14
BJS,B00037,way/28275,way/1318107078,1.5888218580782548e-14
BJS,B00038,way/28783,way/1318378535,2.5618982671915014e-14
BJS,B00039,way/13271,way/567892313,1.4210854715202004e-14
BJS,B00040,way/19036,way/723617047,1.4210854715202004e-14
BJS,B00041,way/12974,way/532863291,1.4210854715202004e-14
BJS,B00042,way/10908,way/519416366,1.5888218580782548e-14
BJS,B00043,way/26033,way/1240401413,2.0097183471152322e-14
BJS,B00044,way/10756,way/491272296,1.5888218580782548e-14
BJS,B00045,way/29675,way/1382947097,1.4210854715202004e-14
BJS,B00046,way/28983,way/1318447492,1.4210854715202004e-14
BJS,B00047,way/16614,way/638284996,7.105427357601002e-15
BJS,B00048,way/16763,way/638294838,1.4210854715202004e-14
BJS,B00049,way/16695,way/638294757,1.4210854715202004e-14
BJS,B00050,way/24270,way/989877579,1.4210854715202004e-14
BJS,B00051,way/1690,way/175598170,1.4210854715202004e-14
BJS,B00052,way/9626,way/478581641,1.5888218580782548e-14
BJS,B00053,way/270,way/33459734,1.5888218580782548e-14
BJS,B00054,way/1906,way/225934844,1.5888218580782548e-14
BJS,B00055,way/15027,way/637225546,1.5888218580782548e-14
BJS,B00056,way/19025,way/704098134,1.5888218580782548e-14
BJS,B00057,way/7550,way/469539660,2.0097183471152322e-14
BJS,B00058,way/16735,way/638294804,7.105427357601002e-15
BJS,B00059,way/20099,way/764446084,1.5888218580782548e-14
BJS,B00060,way/12357,way/524660492,1.4210854715202004e-14
BJS,B00061,way/27525,way/1263656543,1.4210854715202004e-14
BJS,B00062,way/3016,way/257208887,1.5888218580782548e-14
BJS,B00063,way/17660,way/654415482,1.5888218580782548e-14
BJS,B00064,way/8479,way/478118190,1.5888218580782548e-14
BJS,B00065,way/29497,way/1353573333,1.4210854715202004e-14
BJS,B00066,way/8913,way/478407416,1.5888218580782548e-14
BJS,B00067,way/1371,way/116939990,1.4210854715202004e-14
BJS,B00068,way/19420,way/764431839,1.4210854715202004e-14
BJS,B00069,way/20274,way/764451614,1.5888218580782548e-14
BJS,B00070,way/23469,way/935807922,1.4210854715202004e-14
BJS,B00071,way/22282,way/893293351,1.5888218580782548e-14
BJS,B00072,way/13225,way/560475775,1.4210854715202004e-14
BJS,B00073,way/26177,way/1243634435,2.0097183471152322e-14
BJS,B00074,way/12277,way/523523938,1.5888218580782548e-14
BJS,B00075,way/14537,way/636389110,1.5888218580782548e-14
BJS,B00076,way/14397,way/636357993,1.5888218580782548e-14
BJS,B00077,way/4778,way/346548259,1.4210854715202004e-14
BJS,B00078,way/5343,way/352527374,1.5888218580782548e-14
BJS,B00079,way/19786,way/764438462,1.5888218580782548e-14
BJS,B00080,way/4335,way/302188946,1.5888218580782548e-14
BJS,B00081,way/23608,way/950001405,1.4210854715202004e-14
BJS,B00082,way/3428,way/262362358,1.5888218580782548e-14
BJS,B00083,way/29790,way/1423025977,1.5888218580782548e-14
BJS,B00084,way/2721,way/255789071,1.4210854715202004e-14
BJS,B00085,way/26002,way/1232126538,1.4210854715202004e-14
BJS,B00086,way/9839,way/478927781,7.105427357601002e-15
BJS,B00087,way/6738,way/441735318,2.0097183471152322e-14
BJS,B00088,way/24242,way/989874896,1.5888218580782548e-14
BJS,B00089,way/2263,way/232118923,1.5888218580782548e-14
BJS,B00090,way/12947,way/529761022,1.4210854715202004e-14
BJS,B00091,way/8449,way/478014196,1.4210854715202004e-14
BJS,B00092,way/22669,way/893304103,1.4210854715202004e-14
BJS,B00093,way/14100,way/632245347,1.4210854715202004e-14
BJS,B00094,way/6559,way/426414908,1.4210854715202004e-14
BJS,B00095,way/13880,way/631920029,1.4210854715202004e-14
BJS,B00096,way/25914,way/1223117947,1.5888218580782548e-14
BJS,B00097,way/5715,way/356871646,7.105427357601002e-15
BJS,B00098,way/25388,way/1075534550,7.105427357601002e-15
BJS,B00099,way/24783,way/1021970987,1.5888218580782548e-14
BJS,B00100,way/22873,way/911803135,1.4210854715202004e-14
BJS,B00101,way/7614,way/475423638,1.5888218580782548e-14
BJS,B00102,way/26005,way/1235565230,2.0097183471152322e-14
BJS,B00103,way/20487,way/764531334,1.5888218580782548e-14
BJS,B00104,way/20604,way/764531540,7.105427357601002e-15
BJS,B00105,way/21184,way/764625758,7.105427357601002e-15
BJS,B00106,way/16374,way/637287992,2.0097183471152322e-14
BJS,B00107,way/16060,way/637271120,1.5888218580782548e-14
BJS,B00108,way/4400,way/312056691,1.5888218580782548e-14
BJS,B00109,way/17165,way/638714873,1.5888218580782548e-14
BJS,B00110,way/17127,way/638714820,7.105427357601002e-15
BJS,B00111,way/30660,way/1498792085,7.105427357601002e-15
BJS,B00112,way/10135,way/479285345,1.5888218580782548e-14
BJS,B00113,way/10333,way/479291529,1.5888218580782548e-14
BJS,B00114,way/21409,way/764628524,1.5888218580782548e-14
BJS,B00115,way/21868,way/889490948,1.5888218580782548e-14
BJS,B00116,way/16089,way/637271179,1.4210854715202004e-14
BJS,B00117,way/18211,way/681831257,1.4210854715202004e-14
BJS,B00118,way/18186,way/681798942,2.0097183471152322e-14
BJS,B00119,way/30481,way/1470161262,1.5888218580782548e-14
BJS,B00120,way/17025,way/638714705,2.0097183471152322e-14
BJS,B00121,way/11360,way/520616800,1.5888218580782548e-14
BJS,B00122,way/11485,way/520616961,1.5888218580782548e-14
BJS,B00123,way/10080,way/479274558,1.5888218580782548e-14
BJS,B00124,way/9923,way/479265434,1.4210854715202004e-14
BJS,B00125,way/15598,way/637263546,1.5888218580782548e-14
BJS,B00126,way/16108,way/637287593,1.5888218580782548e-14
BJS,B00127,way/28516,way/1318120863,1.5888218580782548e-14
BJS,B00128,way/6793,way/442376596,1.5888218580782548e-14
BJS,B00129,way/22854,way/908425764,1.5888218580782548e-14
BJS,B00130,way/25346,way/1066714091,1.4210854715202004e-14
BJS,B00131,way/29068,way/1318861940,1.4210854715202004e-14
BJS,B00132,way/11025,way/519900984,1.4210854715202004e-14
BJS,B00133,way/8314,way/477923958,1.4210854715202004e-14
BJS,B00134,way/8784,way/478341979,1.4210854715202004e-14
BJS,B00135,way/25371,way/1070969829,1.4210854715202004e-14
BJS,B00136,way/28387,way/1318112386,1.5888218580782548e-14
BJS,B00137,way/28324,way/1318108288,1.5888218580782548e-14
BJS,B00138,way/13254,way/567892296,2.0097183471152322e-14
BJS,B00139,way/19096,way/736366681,1.4210854715202004e-14
BJS,B00140,way/25705,way/1170760329,1.4210854715202004e-14
BJS,B00141,way/4117,way/297704833,1.4210854715202004e-14
BJS,B00142,way/12640,way/525967851,1.5888218580782548e-14
BJS,B00143,way/21942,way/893282205,1.4210854715202004e-14
BJS,B00144,way/30253,way/1463271056,1.4210854715202004e-14
BJS,B00145,way/15226,way/637237439,1.4210854715202004e-14
BJS,B00146,way/16484,way/638283335,1.4210854715202004e-14
BJS,B00147,way/1509,way/151990734,1.4210854715202004e-14
BJS,B00148,way/16644,way/638294681,1.5888218580782548e-14
BJS,B00149,way/31243,way/1527476446,1.5888218580782548e-14
BJS,B00150,way/24451,way/1016346975,2.0097183471152322e-14
BJS,B00151,way/12874,way/525991173,1.4210854715202004e-14
BJS,B00152,way/2914,way/257205542,1.4210854715202004e-14
BJS,B00153,way/8028,way/477732140,2.0097183471152322e-14
BJS,B00154,way/21575,way/838496661,1.4210854715202004e-14
BJS,B00155,way/15329,way/637237580,1.5888218580782548e-14
BJS,B00156,way/5821,way/371402232,1.4210854715202004e-14
BJS,B00157,way/19548,way/764434376,7.105427357601002e-15
BJS,B00158,way/4131,way/297808755,1.5888218580782548e-14
BJS,B00159,way/30901,way/1517309714,1.5888218580782548e-14
BJS,B00160,way/22316,way/893293411,1.4210854715202004e-14
BJS,B00161,way/26546,way/1243639313,1.4210854715202004e-14
BJS,B00162,way/17795,way/654426434,1.5888218580782548e-14
BJS,B00163,way/17335,way/644302114,1.5888218580782548e-14
BJS,B00164,way/29456,way/1353433762,1.5888218580782548e-14
BJS,B00165,way/7853,way/476128652,1.5888218580782548e-14
BJS,B00166,way/5852,way/371402273,1.5888218580782548e-14
BJS,B00167,way/19568,way/764434396,1.4210854715202004e-14
BJS,B00168,way/20242,way/764451582,1.5888218580782548e-14
BJS,B00169,way/23478,way/935853604,1.5888218580782548e-14
BJS,B00170,way/22181,way/893287844,1.4210854715202004e-14
BJS,B00171,way/3673,way/263929070,1.4210854715202004e-14
BJS,B00172,way/26797,way/1243853090,1.4210854715202004e-14
BJS,B00173,way/13563,way/616199569,1.4210854715202004e-14
BJS,B00174,way/14517,way/636389083,1.4210854715202004e-14
BJS,B00175,way/2555,way/239391087,2.0097183471152322e-14
BJS,B00176,way/5313,way/352417026,1.4210854715202004e-14
BJS,B00177,way/5222,way/351882924,1.4210854715202004e-14
BJS,B00178,way/19765,way/764438441,1.5888218580782548e-14
BJS,B00179,way/30247,way/1455430932,1.4210854715202004e-14
BJS,B00180,way/6345,way/421408345,1.4210854715202004e-14
BJS,B00181,way/9323,way/478494932,1.4210854715202004e-14
BJS,B00182,way/27451,way/1258122783,1.4210854715202004e-14
BJS,B00183,way/30465,way/1468427115,1.4210854715202004e-14
BJS,B00184,way/24715,way/1021040700,1.5888218580782548e-14
BJS,B00185,way/17967,way/656349769,1.5888218580782548e-14
BJS,B00186,way/2089,way/228087009,1.5888218580782548e-14
BJS,B00187,way/2008,way/227913093,1.4210854715202004e-14
BJS,B00188,way/24800,way/1022612933,7.105427357601002e-15
BJS,B00189,way/1316,way/107087209,1.4210854715202004e-14
BJS,B00190,way/23677,way/950001474,1.4210854715202004e-14
BJS,B00191,way/22711,way/893304146,1.5888218580782548e-14
BJS,B00192,way/4081,way/297312283,1.4210854715202004e-14
BJS,B00193,way/6562,way/426414912,1.5888218580782548e-14
BJS,B00194,way/23244,way/917296002,1.4210854715202004e-14
BJS,B00195,way/25945,way/1223117978,1.4210854715202004e-14
BJS,B00196,way/1655,way/169431757,7.105427357601002e-15
BJS,B00197,way/21624,way/840208557,1.5888218580782548e-14
BJS,B00198,way/30599,way/1491119927,1.5888218580782548e-14
BJS,B00199,way/29606,way/1369817047,1.4210854715202004e-14
BJS,B00200,way/195,relation/17573255,2.0097183471152322e-14
BJS,B00201,way/20645,way/764537179,1.5888218580782548e-14
BJS,B00202,way/20488,way/764531335,1.4210854715202004e-14
BJS,B00203,way/10540,way/479314977,1.4210854715202004e-14
BJS,B00204,way/21187,way/764625761,7.105427357601002e-15
BJS,B00205,way/16153,way/637287679,1.4210854715202004e-14
BJS,B00206,way/16048,way/637271108,7.105427357601002e-15
BJS,B00207,way/17158,way/638714866,1.4210854715202004e-14
BJS,B00208,way/17087,way/638714777,1.5888218580782548e-14
BJS,B00209,way/30645,way/1498792067,1.5888218580782548e-14
BJS,B00210,way/11520,way/520617032,1.4210854715202004e-14
BJS,B00211,way/21004,way/764625560,1.4210854715202004e-14
BJS,B00212,way/21258,way/764628366,1.4210854715202004e-14
BJS,B00213,way/15541,way/637263435,1.4210854715202004e-14
BJS,B00214,way/16124,way/637287616,7.105427357601002e-15
BJS,B00215,way/18166,way/681798913,1.5888218580782548e-14
BJS,B00216,way/18189,way/681798945,1.4210854715202004e-14
BJS,B00217,way/25182,way/1054396860,1.4210854715202004e-14
BJS,B00218,way/17006,way/638714683,2.0097183471152322e-14
BJS,B00219,way/11648,way/520812304,1.5888218580782548e-14
BJS,B00220,way/11194,way/519941239,1.4210854715202004e-14
BJS,B00221,way/10079,way/479274557,1.4210854715202004e-14
BJS,B00222,way/9947,way/479265460,1.4210854715202004e-14
BJS,B00223,way/2627,way/246292641,1.5888218580782548e-14
BJS,B00224,way/28573,way/1318127844,1.5888218580782548e-14
BJS,B00225,way/25633,way/1167125234,1.4210854715202004e-14
BJS,B00226,way/18997,way/695936601,1.5888218580782548e-14
BJS,B00227,way/25028,way/1038124160,1.4210854715202004e-14
BJS,B00228,way/21917,way/891173980,1.4210854715202004e-14
BJS,B00229,way/1580,way/161802144,1.5888218580782548e-14
BJS,B00230,way/25219,way/1058246332,1.5888218580782548e-14
BJS,B00231,way/10943,way/519416425,1.5888218580782548e-14
BJS,B00232,way/9997,way/479265524,1.4210854715202004e-14
BJS,B00233,way/28943,way/1318444895,1.5888218580782548e-14
BJS,B00234,way/27952,way/1318058578,1.5888218580782548e-14
BJS,B00235,way/13283,way/567892326,1.4210854715202004e-14
BJS,B00236,way/13272,way/567892314,1.4210854715202004e-14
BJS,B00237,way/19037,way/723617051,1.5888218580782548e-14
BJS,B00238,way/1578,way/159936501,1.5888218580782548e-14
BJS,B00239,way/18787,way/695924850,7.105427357601002e-15
BJS,B00240,way/18915,way/695932695,1.4210854715202004e-14
BJS,B00241,way/8013,way/477732110,2.0097183471152322e-14
BJS,B00242,way/8725,way/478339743,1.5888218580782548e-14
BJS,B00243,way/15309,way/637237555,1.5888218580782548e-14
BJS,B00244,way/3345,way/258198507,1.5888218580782548e-14
BJS,B00245,way/16882,way/638337374,7.105427357601002e-15
BJS,B00246,way/16650,way/638294687,1.5888218580782548e-14
BJS,B00247,way/24402,way/996023205,1.4210854715202004e-14
BJS,B00248,way/12866,way/525991164,1.4210854715202004e-14
BJS,B00249,way/11888,way/521039212,1.5888218580782548e-14
BJS,B00250,way/30530,way/1479065739,1.4210854715202004e-14
BJS,B00251,way/8012,way/477732109,1.4210854715202004e-14
BJS,B00252,way/3623,way/263044770,1.4210854715202004e-14
BJS,B00253,way/15053,way/637225572,1.4210854715202004e-14
BJS,B00254,way/5834,way/371402249,1.4210854715202004e-14
BJS,B00255,way/19539,way/764434367,1.4210854715202004e-14
BJS,B00256,way/23586,way/948923895,1.5888218580782548e-14
BJS,B00257,way/12345,way/524660478,1.5888218580782548e-14
BJS,B00258,way/22105,way/893287767,1.5888218580782548e-14
BJS,B00259,way/12804,way/525986583,1.4210854715202004e-14
BJS,B00260,way/17928,way/656345099,1.4210854715202004e-14
BJS,B00261,way/6198,way/419838169,1.4210854715202004e-14
BJS,B00262,way/14608,way/636389193,1.4210854715202004e-14
BJS,B00263,way/38,relation/6096147,1.5888218580782548e-14
BJS,B00264,way/7392,way/469512068,1.4210854715202004e-14
BJS,B00265,way/19624,way/764434454,1.5888218580782548e-14
BJS,B00266,way/20177,way/764451517,1.4210854715202004e-14
BJS,B00267,way/12882,way/527051489,2.0097183471152322e-14
BJS,B00268,way/22448,way/893297440,1.4210854715202004e-14
BJS,B00269,way/9218,way/478494809,1.4210854715202004e-14
BJS,B00270,way/26711,way/1243853004,1.4210854715202004e-14
BJS,B00271,way/25562,way/1156108115,1.5888218580782548e-14
BJS,B00272,way/14449,way/636388959,1.4210854715202004e-14
BJS,B00273,way/14842,way/636389439,1.5888218580782548e-14
BJS,B00274,way/4804,way/347277329,1.5888218580782548e-14
BJS,B00275,way/5060,way/350793564,1.4210854715202004e-14
BJS,B00276,way/19998,way/764441518,1.4210854715202004e-14
BJS,B00277,way/23701,way/950261428,1.5888218580782548e-14
BJS,B00278,way/7121,way/468464133,1.4210854715202004e-14
BJS,B00279,way/3394,way/262361660,1.4210854715202004e-14
BJS,B00280,way/27463,way/1258122795,1.4210854715202004e-14
BJS,B00281,way/6499,way/426406732,1.5888218580782548e-14
BJS,B00282,way/19062,way/727050378,1.4210854715202004e-14
BJS,B00283,way/6097,way/404387045,1.5888218580782548e-14
BJS,B00284,way/2125,way/228580202,1.5888218580782548e-14
BJS,B00285,way/2456,way/234220360,1.5888218580782548e-14
BJS,B00286,way/13555,way/616041224,1.4210854715202004e-14
BJS,B00287,way/1317,way/107087211,1.4210854715202004e-14
BJS,B00288,way/23635,way/950001432,1.4210854715202004e-14
BJS,B00289,way/22490,way/893303923,1.4210854715202004e-14
BJS,B00290,way/22813,way/893304248,1.4210854715202004e-14
BJS,B00291,way/6549,way/426414888,1.5888218580782548e-14
BJS,B00292,way/13895,way/631920051,1.4210854715202004e-14
BJS,B00293,way/25904,way/1222438133,1.4210854715202004e-14
BJS,B00294,way/1654,way/169431756,1.5888218580782548e-14
BJS,B00295,way/21598,way/840208531,2.0097183471152322e-14
BJS,B00296,way/30600,way/1491119928,1.5888218580782548e-14
BJS,B00297,way/22880,way/911803143,1.5888218580782548e-14
BJS,B00298,way/27581,way/1280871713,1.5888218580782548e-14
BJS,B00299,way/6877,way/453480097,1.4210854715202004e-14
BJS,B00300,way/10510,way/479314939,1.4210854715202004e-14
BJS,B00301,way/10559,way/479315002,2.0097183471152322e-14
BJS,B00302,way/20495,way/764531342,1.5888218580782548e-14
BJS,B00303,way/4390,way/312056675,1.5888218580782548e-14
BJS,B00304,way/16066,way/637271127,1.5888218580782548e-14
BJS,B00305,way/17149,way/638714857,1.4210854715202004e-14
BJS,B00306,way/17069,way/638714759,1.4210854715202004e-14
BJS,B00307,way/24065,way/984691485,1.5888218580782548e-14
BJS,B00308,way/10316,way/479291508,1.4210854715202004e-14
BJS,B00309,way/10208,way/479285424,1.5888218580782548e-14
BJS,B00310,way/21292,way/764628400,2.0097183471152322e-14
BJS,B00311,way/16272,way/637287847,1.4210854715202004e-14
BJS,B00312,way/15934,way/637263931,1.4210854715202004e-14
BJS,B00313,way/18168,way/681798915,1.5888218580782548e-14
BJS,B00314,way/28876,way/1318440575,1.5888218580782548e-14
BJS,B00315,way/17155,way/638714863,1.4210854715202004e-14
BJS,B00316,way/17056,way/638714746,7.105427357601002e-15
BJS,B00317,way/11761,way/520815237,1.4210854715202004e-14
BJS,B00318,way/11395,way/520616836,1.5888218580782548e-14
BJS,B00319,way/29687,way/1385522617,1.4210854715202004e-14
BJS,B00320,way/30617,way/1498715281,1.5888218580782548e-14
BJS,B00321,way/2802,way/256565580,1.5888218580782548e-14
BJS,B00322,way/29722,way/1390462580,1.4210854715202004e-14
BJS,B00323,way/28022,way/1318060594,1.5888218580782548e-14
BJS,B00324,way/28440,way/1318117895,1.4210854715202004e-14
BJS,B00325,way/25046,way/1038124178,2.0097183471152322e-14
BJS,B00326,way/18159,way/679979928,1.4210854715202004e-14
BJS,B00327,way/29318,way/1325469240,1.4210854715202004e-14
BJS,B00328,way/29166,way/1320434437,1.5888218580782548e-14
BJS,B00329,way/57,relation/7025522,1.5888218580782548e-14
BJS,B00330,way/9996,way/479265523,7.105427357601002e-15
BJS,B00331,way/8754,way/478341948,1.5888218580782548e-14
BJS,B00332,way/27793,way/1307951435,1.4210854715202004e-14
BJS,B00333,way/28310,way/1318108274,1.5888218580782548e-14
BJS,B00334,way/278,way/36945873,1.4210854715202004e-14
BJS,B00335,way/31363,way/1527484322,1.4210854715202004e-14
BJS,B00336,way/12981,way/532863315,1.4210854715202004e-14
BJS,B00337,way/10877,way/519416335,2.0097183471152322e-14
BJS,B00338,way/24004,way/982864844,1.5888218580782548e-14
BJS,B00339,way/10785,way/491272351,1.4210854715202004e-14
BJS,B00340,way/8641,way/478330676,2.0097183471152322e-14
BJS,B00341,way/30728,way/1508784532,0.0
BJS,B00342,way/27723,way/1307951364,1.4210854715202004e-14
BJS,B00343,way/5255,way/352272532,1.4210854715202004e-14
BJS,B00344,way/16668,way/638294717,1.4210854715202004e-14
BJS,B00345,way/24804,way/1022729910,1.5888218580782548e-14
BJS,B00346,way/9620,way/478581635,1.5888218580782548e-14
BJS,B00347,way/2997,way/257208855,1.5888218580782548e-14
BJS,B00348,way/24184,way/988018088,1.5888218580782548e-14
BJS,B00349,way/13397,way/584628782,1.4210854715202004e-14
BJS,B00350,way/8582,way/478326341,1.4210854715202004e-14
BJS,B00351,way/7661,way/476106704,1.5888218580782548e-14
BJS,B00352,way/10607,way/481646124,1.5888218580782548e-14
BJS,B00353,way/19480,way/764431901,2.0097183471152322e-14
BJS,B00354,way/20098,way/764446083,1.4210854715202004e-14
BJS,B00355,way/25205,way/1055117855,1.4210854715202004e-14
BJS,B00356,way/12784,way/525986561,1.4210854715202004e-14
BJS,B00357,way/12796,way/525986575,1.4210854715202004e-14
BJS,B00358,way/12118,way/521057806,7.105427357601002e-15
BJS,B00359,way/17428,way/650010556,1.4210854715202004e-14
BJS,B00360,way/29476,way/1353535293,1.4210854715202004e-14
BJS,B00361,way/7304,way/468890398,1.4210854715202004e-14
BJS,B00362,way/5836,way/371402253,1.4210854715202004e-14
BJS,B00363,way/19270,way/764421037,1.4210854715202004e-14
BJS,B00364,way/19869,way/764441387,1.4210854715202004e-14
BJS,B00365,way/9092,way/478472176,2.0097183471152322e-14
BJS,B00366,way/22047,way/893287709,1.4210854715202004e-14
BJS,B00367,way/9211,way/478494802,1.5888218580782548e-14
BJS,B00368,way/17649,way/654219327,7.105427357601002e-15
BJS,B00369,way/236,way/26390168,1.4210854715202004e-14
BJS,B00370,way/14795,way/636389390,7.105427357601002e-15
BJS,B00371,way/14869,way/636389467,1.5888218580782548e-14
BJS,B00372,way/4820,way/347403595,1.5888218580782548e-14
BJS,B00373,way/5249,way/351882952,1.4210854715202004e-14
BJS,B00374,way/19993,way/764441513,1.5888218580782548e-14
BJS,B00375,way/23725,way/950261453,1.4210854715202004e-14
BJS,B00376,way/3902,way/276202116,1.5888218580782548e-14
BJS,B00377,way/9187,way/478478233,1.5888218580782548e-14
BJS,B00378,way/23408,way/929653199,7.105427357601002e-15
BJS,B00379,way/2713,way/255789060,1.4210854715202004e-14
BJS,B00380,way/6037,way/384270915,2.0097183471152322e-14
BJS,B00381,way/25385,way/1075301196,1.5888218580782548e-14
BJS,B00382,way/5096,way/351304648,1.4210854715202004e-14
BJS,B00383,way/4286,way/300569508,1.4210854715202004e-14
BJS,B00384,way/13250,way/563367524,1.5888218580782548e-14
BJS,B00385,way/1306,way/107087172,0.0
BJS,B00386,way/8448,way/478014195,1.5888218580782548e-14
BJS,B00387,way/22682,way/893304116,1.5888218580782548e-14
BJS,B00388,way/14187,way/632245439,1.4210854715202004e-14
BJS,B00389,way/6521,way/426412779,1.5888218580782548e-14
BJS,B00390,way/23183,way/917265106,1.4210854715202004e-14
BJS,B00391,way/21807,way/862417537,1.5888218580782548e-14
BJS,B00392,way/13681,way/624191411,1.4210854715202004e-14
BJS,B00393,way/23531,way/940020360,1.5888218580782548e-14
BJS,B00394,way/24786,way/1021970990,1.4210854715202004e-14
BJS,B00395,way/29617,way/1369817058,1.5888218580782548e-14
BJS,B00396,way/7602,way/475423281,1.4210854715202004e-14
BJS,B00397,way/20682,way/764537221,1.4210854715202004e-14
BJS,B00398,way/24104,way/987112099,2.1316282072803006e-14
BJS,B00399,way/10446,way/479314863,1.5888218580782548e-14
BJS,B00400,way/20517,way/764531364,1.4210854715202004e-14
BJS,B00401,way/21144,way/764625712,1.4210854715202004e-14
BJS,B00402,way/15823,way/637263818,1.4210854715202004e-14
BJS,B00403,way/13000,way/539793908,1.5888218580782548e-14
BJS,B00404,way/17094,way/638714785,1.4210854715202004e-14
BJS,B00405,way/25389,way/1079608657,1.4210854715202004e-14
BJS,B00406,way/24343,way/991638902,1.5888218580782548e-14
BJS,B00407,way/1897,way/224716832,1.5888218580782548e-14
BJS,B00408,way/21360,way/764628474,1.5888218580782548e-14
BJS,B00409,way/15809,way/637263800,1.4210854715202004e-14
BJS,B00410,way/15568,way/637263493,1.5888218580782548e-14
BJS,B00411,way/28482,way/1318118823,7.105427357601002e-15
BJS,B00412,way/28467,way/1318117922,7.105427357601002e-15
BJS,B00413,way/21928,way/891798993,1.4210854715202004e-14
BJS,B00414,way/18104,way/666612980,1.5888218580782548e-14
BJS,B00415,way/24052,way/984691472,1.5888218580782548e-14
BJS,B00416,way/11530,way/520617070,1.5888218580782548e-14
BJS,B00417,way/2039,way/228041540,1.5888218580782548e-14
BJS,B00418,way/20780,way/764592187,1.4210854715202004e-14
BJS,B00419,way/15592,way/637263536,1.4210854715202004e-14
BJS,B00420,way/15753,way/637263731,1.4210854715202004e-14
BJS,B00421,way/6775,way/442376449,1.5888218580782548e-14
BJS,B00422,way/18971,way/695936575,1.5888218580782548e-14
BJS,B00423,way/25053,way/1038258685,1.4210854715202004e-14
BJS,B00424,way/4680,way/341696863,1.5888218580782548e-14
BJS,B00425,way/11797,way/520818051,1.4210854715202004e-14
BJS,B00426,way/11340,way/520616779,1.5888218580782548e-14
BJS,B00427,way/8372,way/477934713,1.5888218580782548e-14
BJS,B00428,way/9978,way/479265505,1.4210854715202004e-14
BJS,B00429,way/23957,way/978677607,1.4210854715202004e-14
BJS,B00430,way/28809,way/1318378561,1.5888218580782548e-14
BJS,B00431,way/13285,way/567892328,2.0097183471152322e-14
BJS,B00432,way/28126,way/1318092951,2.0097183471152322e-14
BJS,B00433,way/24891,way/1030346276,1.4210854715202004e-14
BJS,B00434,way/12982,way/532863317,1.5888218580782548e-14
BJS,B00435,way/9593,way/478581607,1.5888218580782548e-14
BJS,B00436,way/18912,way/695932692,1.4210854715202004e-14
BJS,B00437,way/8103,way/477760897,1.5888218580782548e-14
BJS,B00438,way/171,relation/13937476,1.5888218580782548e-14
BJS,B00439,way/15419,way/637242694,1.4210854715202004e-14
BJS,B00440,way/16507,way/638283383,2.0097183471152322e-14
BJS,B00441,way/3352,way/258198523,1.4210854715202004e-14
BJS,B00442,way/6753,way/442188299,1.5888218580782548e-14
BJS,B00443,way/31314,way/1527481959,2.0097183471152322e-14
BJS,B00444,way/25397,way/1082550361,1.4210854715202004e-14
BJS,B00445,way/13743,way/630819867,1.5888218580782548e-14
BJS,B00446,way/11949,way/521039306,1.4210854715202004e-14
BJS,B00447,way/29808,way/1424098356,1.4210854715202004e-14
BJS,B00448,way/29967,way/1424098751,1.4210854715202004e-14
BJS,B00449,way/8787,way/478394108,1.4210854715202004e-14
BJS,B00450,way/7542,way/469539641,1.5888218580782548e-14
BJS,B00451,way/4140,way/297809760,1.5888218580782548e-14
BJS,B00452,way/4133,way/297808757,1.4210854715202004e-14
BJS,B00453,way/12452,way/524665990,1.4210854715202004e-14
BJS,B00454,way/12783,way/525986560,1.5888218580782548e-14
BJS,B00455,way/26524,way/1243639291,1.5888218580782548e-14
BJS,B00456,way/11961,way/521039318,2.1316282072803006e-14
BJS,B00457,way/18024,way/660730549,1.4210854715202004e-14
BJS,B00458,way/3604,way/263039499,1.5888218580782548e-14
BJS,B00459,way/7896,way/476128696,1.4210854715202004e-14
BJS,B00460,way/7773,way/476128560,2.0097183471152322e-14
BJS,B00461,way/19526,way/764434352,1.4210854715202004e-14
BJS,B00462,way/19683,way/764438356,1.5888218580782548e-14
BJS,B00463,way/9174,way/478472275,1.4210854715202004e-14
BJS,B00464,way/7145,way/468830020,1.4210854715202004e-14
BJS,B00465,way/22271,way/893287935,1.4210854715202004e-14
BJS,B00466,way/26141,way/1243634398,1.4210854715202004e-14
BJS,B00467,way/31847,way/1548591323,1.4210854715202004e-14
BJS,B00468,way/14521,way/636389087,1.4210854715202004e-14
BJS,B00469,way/3442,way/262541915,1.4210854715202004e-14
BJS,B00470,way/5382,way/352716567,1.5888218580782548e-14
BJS,B00471,way/5244,way/351882947,1.4210854715202004e-14
BJS,B00472,way/13711,way/625954411,1.4210854715202004e-14
BJS,B00473,way/8973,way/478432582,1.5888218580782548e-14
BJS,B00474,way/6955,way/468420603,7.105427357601002e-15
BJS,B00475,way/3739,way/263930542,1.5888218580782548e-14
BJS,B00476,way/23365,way/929580980,1.4210854715202004e-14
BJS,B00477,way/2715,way/255789063,1.5888218580782548e-14
BJS,B00478,way/13442,way/584628934,1.4210854715202004e-14
BJS,B00479,way/31394,way/1530003233,1.4210854715202004e-14
BJS,B00480,way/5767,way/369522805,1.5888218580782548e-14
BJS,B00481,way/18143,way/677282432,1.5888218580782548e-14
BJS,B00482,way/2275,way/232415772,1.4210854715202004e-14
BJS,B00483,way/1327,way/107087249,1.4210854715202004e-14
BJS,B00484,way/3881,way/276198844,1.5888218580782548e-14
BJS,B00485,way/22705,way/893304140,7.105427357601002e-15
BJS,B00486,way/14110,way/632245357,1.5888218580782548e-14
BJS,B00487,way/6520,way/426412778,2.0097183471152322e-14
BJS,B00488,way/23194,way/917265663,1.5888218580782548e-14
BJS,B00489,way/4315,way/300743514,2.0097183471152322e-14
BJS,B00490,way/24415,way/999925020,1.5888218580782548e-14
BJS,B00491,way/13697,way/625846719,1.5888218580782548e-14
BJS,B00492,way/21679,way/842720988,2.0097183471152322e-14
BJS,B00493,way/18124,way/672440142,1.5888218580782548e-14
BJS,B00494,way/27584,way/1280871722,1.4210854715202004e-14
BJS,B00495,way/20672,way/764537207,1.4210854715202004e-14
BJS,B00496,way/24370,way/991638929,1.5888218580782548e-14
BJS,B00497,way/10408,way/479303406,1.4210854715202004e-14
BJS,B00498,way/21182,way/764625756,1.4210854715202004e-14
BJS,B00499,way/16220,way/637287786,7.105427357601002e-15
BJS,B00500,way/16067,way/637271128,1.5888218580782548e-14
BJS,B00501,way/17163,way/638714871,1.4210854715202004e-14
BJS,B00502,way/17110,way/638714802,1.4210854715202004e-14
BJS,B00503,way/24274,way/991602528,2.0097183471152322e-14
BJS,B00504,way/25555,way/1154503996,1.5888218580782548e-14
BJS,B00505,way/10475,way/479314894,1.5888218580782548e-14
BJS,B00506,way/21226,way/764628334,1.4210854715202004e-14
BJS,B00507,way/2601,way/245161397,1.5888218580782548e-14
BJS,B00508,way/15935,way/637263932,1.4210854715202004e-14
BJS,B00509,way/18198,way/681798954,1.4210854715202004e-14
BJS,B00510,way/28463,way/1318117918,1.4210854715202004e-14
BJS,B00511,way/13302,way/568979330,1.5888218580782548e-14
BJS,B00512,way/13003,way/539793973,1.5888218580782548e-14
BJS,B00513,way/11779,way/520815261,1.4210854715202004e-14
BJS,B00514,way/11111,way/519922009,2.0097183471152322e-14
BJS,B00515,way/10114,way/479274612,1.5888218580782548e-14
BJS,B00516,way/30482,way/1473592470,7.105427357601002e-15
BJS,B00517,way/2620,way/246292634,1.5888218580782548e-14
BJS,B00518,way/1946,way/227124151,1.5888218580782548e-14
BJS,B00519,way/28038,way/1318060610,1.5888218580782548e-14
BJS,B00520,way/18961,way/695936565,1.4210854715202004e-14
BJS,B00521,way/25067,way/1038258699,1.4210854715202004e-14
BJS,B00522,way/4184,way/297847681,1.4210854715202004e-14
BJS,B00523,way/29076,way/1318861957,1.4210854715202004e-14
BJS,B00524,way/11190,way/519922113,2.0097183471152322e-14
BJS,B00525,way/8371,way/477934712,1.4210854715202004e-14
BJS,B00526,way/8759,way/478341954,1.5888218580782548e-14
BJS,B00527,way/29004,way/1318447513,1.4210854715202004e-14
BJS,B00528,way/28610,way/1318129987,1.5888218580782548e-14
BJS,B00529,way/28750,way/1318376424,1.4210854715202004e-14
BJS,B00530,way/28731,way/1318376405,1.4210854715202004e-14
BJS,B00531,way/31282,way/1527481927,7.105427357601002e-15
BJS,B00532,way/6597,way/432726110,1.4210854715202004e-14
BJS,B00533,way/12538,way/525967701,1.5888218580782548e-14
BJS,B00534,way/2964,way/257208036,7.105427357601002e-15
BJS,B00535,way/7238,way/468844145,1.5888218580782548e-14
BJS,B00536,way/8633,way/478330666,1.5888218580782548e-14
BJS,B00537,way/15518,way/637242797,1.4210854715202004e-14
BJS,B00538,way/30722,way/1508782537,1.5888218580782548e-14
BJS,B00539,way/16936,way/638337432,1.5888218580782548e-14
BJS,B00540,way/16692,way/638294754,7.105427357601002e-15
BJS,B00541,way/31375,way/1527484334,0.0
BJS,B00542,way/13762,way/630822282,1.4210854715202004e-14
BJS,B00543,way/9659,way/478581680,7.105427357601002e-15
BJS,B00544,way/24146,way/988018036,7.105427357601002e-15
BJS,B00545,way/7950,way/476128754,1.4210854715202004e-14
BJS,B00546,way/15019,way/637225538,1.4210854715202004e-14
BJS,B00547,way/6894,way/465319251,1.4210854715202004e-14
BJS,B00548,way/4152,way/297810111,1.4210854715202004e-14
BJS,B00549,way/2354,way/233134833,1.5888218580782548e-14
BJS,B00550,way/20122,way/764446108,1.5888218580782548e-14
BJS,B00551,way/25189,way/1055117839,1.4210854715202004e-14
BJS,B00552,way/22357,way/893293452,1.5888218580782548e-14
BJS,B00553,way/24772,way/1021068635,1.4210854715202004e-14
BJS,B00554,way/12121,way/521057812,1.4210854715202004e-14
BJS,B00555,way/1821,way/187204004,1.5888218580782548e-14
BJS,B00556,way/11855,way/521024091,1.5888218580782548e-14
BJS,B00557,way/7291,way/468890382,2.0097183471152322e-14
BJS,B00558,way/7389,way/469512065,1.5888218580782548e-14
BJS,B00559,way/4877,way/349213079,2.0097183471152322e-14
BJS,B00560,way/19845,way/764441363,7.105427357601002e-15
BJS,B00561,way/9041,way/478472110,1.4210854715202004e-14
BJS,B00562,way/27274,way/1249488806,2.0097183471152322e-14
BJS,B00563,way/3675,way/263929072,1.4210854715202004e-14
BJS,B00564,way/26593,way/1243846945,2.0097183471152322e-14
BJS,B00565,way/19045,way/727012759,1.4210854715202004e-14
BJS,B00566,way/14480,way/636389019,7.105427357601002e-15
BJS,B00567,way/25,relation/3524832,1.5888218580782548e-14
BJS,B00568,way/4791,way/347258520,1.4210854715202004e-14
BJS,B00569,way/5210,way/351854089,1.4210854715202004e-14
BJS,B00570,way/4004,way/295357042,1.5888218580782548e-14
BJS,B00571,way/46,relation/6907054,1.5888218580782548e-14
BJS,B00572,way/10580,way/479408009,1.5888218580782548e-14
BJS,B00573,way/3738,way/263930541,1.4210854715202004e-14
BJS,B00574,way/1927,way/227118925,1.4210854715202004e-14
BJS,B00575,way/3807,way/268548466,1.5888218580782548e-14
BJS,B00576,way/17961,way/656349576,1.4210854715202004e-14
BJS,B00577,way/26015,way/1238236067,1.5888218580782548e-14
BJS,B00578,way/2131,way/228580218,1.5888218580782548e-14
BJS,B00579,way/2341,way/232952135,2.0097183471152322e-14
BJS,B00580,way/2278,way/232418220,1.5888218580782548e-14
BJS,B00581,way/21752,way/849088004,1.4210854715202004e-14
BJS,B00582,way/3949,way/287661510,1.4210854715202004e-14
BJS,B00583,way/22722,way/893304157,1.4210854715202004e-14
BJS,B00584,way/4051,way/297312253,1.4210854715202004e-14
BJS,B00585,way/14035,way/632233554,1.4210854715202004e-14
BJS,B00586,way/23219,way/917295976,1.4210854715202004e-14
BJS,B00587,way/25891,way/1222438118,1.4210854715202004e-14
BJS,B00588,way/4097,way/297330137,7.105427357601002e-15
BJS,B00589,way/5799,way/370753840,1.5888218580782548e-14
BJS,B00590,way/21680,way/842720989,7.105427357601002e-15
BJS,B00591,way/24847,way/1025379412,1.4210854715202004e-14
BJS,B00592,way/22859,way/909922683,1.5888218580782548e-14
BJS,B00593,way/24108,way/987360062,1.5888218580782548e-14
BJS,B00594,way/20395,way/764531099,1.5888218580782548e-14
BJS,B00595,way/10549,way/479314988,1.4210854715202004e-14
BJS,B00596,way/21181,way/764625755,1.4210854715202004e-14
BJS,B00597,way/16070,way/637271132,1.4210854715202004e-14
BJS,B00598,way/16347,way/637287953,7.105427357601002e-15
BJS,B00599,way/25552,way/1153388057,7.105427357601002e-15
BJS,B00600,way/17074,way/638714764,2.0097183471152322e-14
BJS,B00601,way/30690,way/1498792121,1.4210854715202004e-14
BJS,B00602,way/24344,way/991638903,1.5888218580782548e-14
BJS,B00603,way/10391,way/479294518,1.5888218580782548e-14
BJS,B00604,way/25975,way/1227287084,1.5888218580782548e-14
BJS,B00605,way/2626,way/246292640,1.4210854715202004e-14
BJS,B00606,way/15831,way/637263828,1.5888218580782548e-14
BJS,B00607,way/18179,way/681798935,1.4210854715202004e-14
BJS,B00608,way/28469,way/1318117924,1.5888218580782548e-14
BJS,B00609,way/21537,way/809045135,1.4210854715202004e-14
BJS,B00610,way/17060,way/638714750,1.5888218580782548e-14
BJS,B00611,way/18048,way/663428703,2.0097183471152322e-14
BJS,B00612,way/11121,way/519922021,1.5888218580782548e-14
BJS,B00613,way/10074,way/479274547,1.4210854715202004e-14
BJS,B00614,way/20767,way/764592172,1.4210854715202004e-14
BJS,B00615,way/15610,way/637263564,1.5888218580782548e-14
BJS,B00616,way/28640,way/1318131705,1.4210854715202004e-14
BJS,B00617,way/28761,way/1318376435,1.5888218580782548e-14
BJS,B00618,way/6772,way/442376443,1.5888218580782548e-14
BJS,B00619,way/23310,way/920645083,1.5888218580782548e-14
BJS,B00620,way/17201,way/638715284,1.4210854715202004e-14
BJS,B00621,way/11693,way/520812367,1.4210854715202004e-14
BJS,B00622,way/10987,way/519900940,1.4210854715202004e-14
BJS,B00623,way/8193,way/477916188,1.5888218580782548e-14
BJS,B00624,way/23962,way/978740050,1.4210854715202004e-14
BJS,B00625,way/25373,way/1070969835,1.5888218580782548e-14
BJS,B00626,way/30812,way/1509806509,1.4210854715202004e-14
BJS,B00627,way/16823,way/638337309,1.4210854715202004e-14
BJS,B00628,way/25126,way/1047352412,2.1316282072803006e-14
BJS,B00629,way/31366,way/1527484325,1.5888218580782548e-14
BJS,B00630,way/12979,way/532863313,7.105427357601002e-15
BJS,B00631,way/12487,way/525967644,1.5888218580782548e-14
BJS,B00632,way/12605,way/525967792,1.4210854715202004e-14
BJS,B00633,way/21967,way/893282230,1.4210854715202004e-14
BJS,B00634,way/8651,way/478330687,1.5888218580782548e-14
BJS,B00635,way/28881,way/1318440580,1.4210854715202004e-14
BJS,B00636,way/16515,way/638283399,1.4210854715202004e-14
BJS,B00637,way/3307,way/258198427,1.4210854715202004e-14
BJS,B00638,way/16690,way/638294747,7.105427357601002e-15
BJS,B00639,way/31286,way/1527481931,1.5888218580782548e-14
BJS,B00640,way/25470,way/1135411120,1.5888218580782548e-14
BJS,B00641,way/10858,way/519416312,1.4210854715202004e-14
BJS,B00642,way/2913,way/257205541,1.4210854715202004e-14
BJS,B00643,way/29889,way/1424098569,1.4210854715202004e-14
BJS,B00644,way/23434,way/929787672,7.105427357601002e-15
BJS,B00645,way/8800,way/478394134,2.0097183471152322e-14
BJS,B00646,way/7547,way/469539654,1.5888218580782548e-14
BJS,B00647,way/16576,way/638283605,2.0097183471152322e-14
BJS,B00648,way/23562,way/948919345,1.5888218580782548e-14
BJS,B00649,way/12397,way/524660544,1.5888218580782548e-14
BJS,B00650,way/22323,way/893293418,1.5888218580782548e-14
BJS,B00651,way/12739,way/525986491,1.5888218580782548e-14
BJS,B00652,way/3036,way/257209891,2.0097183471152322e-14
BJS,B00653,way/6174,way/419838140,1.4210854715202004e-14
BJS,B00654,way/3527,way/262848807,1.4210854715202004e-14
BJS,B00655,way/19127,way/764417495,1.4210854715202004e-14
BJS,B00656,way/7450,way/469518341,2.0097183471152322e-14
BJS,B00657,way/19567,way/764434395,1.4210854715202004e-14
BJS,B00658,way/27505,way/1259012203,1.4210854715202004e-14
BJS,B00659,way/9006,way/478472075,1.5888218580782548e-14
BJS,B00660,way/22472,way/893297464,1.5888218580782548e-14
BJS,B00661,way/13208,way/560475758,2.0097183471152322e-14
BJS,B00662,way/17681,way/654416759,1.4210854715202004e-14
BJS,B00663,way/23789,way/951385438,1.4210854715202004e-14
BJS,B00664,way/15127,way/637225679,1.4210854715202004e-14
BJS,B00665,way/15084,way/637225612,0.0
BJS,B00666,way/31083,way/1524239705,1.5888218580782548e-14
BJS,B00667,way/27628,way/1302256699,1.4210854715202004e-14
BJS,B00668,way/19974,way/764441492,1.4210854715202004e-14
BJS,B00669,way/23710,way/950261438,1.5888218580782548e-14
BJS,B00670,way/1838,way/189309774,1.4210854715202004e-14
BJS,B00671,way/9385,way/478495037,1.5888218580782548e-14
BJS,B00672,way/29788,way/1423025975,1.4210854715202004e-14
BJS,B00673,way/6457,way/426177786,1.4210854715202004e-14
BJS,B00674,way/6000,way/384269057,1.5888218580782548e-14
BJS,B00675,way/31389,way/1528428442,1.5888218580782548e-14
BJS,B00676,way/9892,way/478927842,1.5888218580782548e-14
BJS,B00677,way/2462,way/234220366,2.0097183471152322e-14
BJS,B00678,way/24801,way/1022612934,1.5888218580782548e-14
BJS,B00679,way/6919,way/466643055,1.4210854715202004e-14
BJS,B00680,way/3883,way/276199032,1.4210854715202004e-14
BJS,B00681,way/22639,way/893304073,1.4210854715202004e-14
BJS,B00682,way/22777,way/893304212,1.4210854715202004e-14
BJS,B00683,way/14007,way/632233481,1.5888218580782548e-14
BJS,B00684,way/23115,way/917253483,1.5888218580782548e-14
BJS,B00685,way/25916,way/1223117949,1.5888218580782548e-14
BJS,B00686,way/1894,way/221657782,1.5888218580782548e-14
BJS,B00687,way/5788,way/370312511,1.5888218580782548e-14
BJS,B00688,way/21668,way/840219533,1.4210854715202004e-14
BJS,B00689,way/24837,way/1025379402,2.0097183471152322e-14
BJS,B00690,way/7620,way/475423644,1.4210854715202004e-14
BJS,B00691,way/24095,way/987112090,1.5888218580782548e-14
BJS,B00692,way/10532,way/479314966,1.5888218580782548e-14
BJS,B00693,way/10537,way/479314973,1.5888218580782548e-14
BJS,B00694,way/21207,way/764625782,1.4210854715202004e-14
BJS,B00695,way/15848,way/637263845,1.5888218580782548e-14
BJS,B00696,way/16051,way/637271111,7.105427357601002e-15
BJS,B00697,way/29608,way/1369817049,0.0
BJS,B00698,way/17072,way/638714762,1.4210854715202004e-14
BJS,B00699,way/11437,way/520616894,1.5888218580782548e-14
BJS,B00700,way/25442,way/1106131209,1.5888218580782548e-14
BJS,B00701,way/10287,way/479285526,1.5888218580782548e-14
BJS,B00702,way/2859,way/256824763,7.105427357601002e-15
BJS,B00703,way/5611,way/352933642,1.4210854715202004e-14
BJS,B00704,way/15907,way/637263904,1.4210854715202004e-14
BJS,B00705,way/2548,way/239205148,1.5888218580782548e-14
BJS,B00706,way/28462,way/1318117917,1.5888218580782548e-14
BJS,B00707,way/21539,way/809045139,1.4210854715202004e-14
BJS,B00708,way/17179,way/638715262,1.4210854715202004e-14
BJS,B00709,way/18049,way/663428920,1.5888218580782548e-14
BJS,B00710,way/11178,way/519922092,1.4210854715202004e-14
BJS,B00711,way/10105,way/479274599,1.4210854715202004e-14
BJS,B00712,way/21340,way/764628454,1.4210854715202004e-14
BJS,B00713,way/2615,way/246292629,2.0097183471152322e-14
BJS,B00714,way/15711,way/637263689,2.0097183471152322e-14
BJS,B00715,way/25532,way/1149325116,1.4210854715202004e-14
BJS,B00716,way/18981,way/695936585,1.5888218580782548e-14
BJS,B00717,way/25074,way/1038258706,1.5888218580782548e-14
BJS,B00718,way/4683,way/341700050,1.5888218580782548e-14
BJS,B00719,way/11708,way/520812383,1.5888218580782548e-14
BJS,B00720,way/10986,way/519900938,1.5888218580782548e-14
BJS,B00721,way/8237,way/477923875,1.5888218580782548e-14
BJS,B00722,way/9930,way/479265441,1.5888218580782548e-14
BJS,B00723,way/25167,way/1052235093,1.5888218580782548e-14
BJS,B00724,way/28370,way/1318110393,1.4210854715202004e-14
BJS,B00725,way/27672,way/1303643488,1.5888218580782548e-14
BJS,B00726,way/13251,way/567892293,2.0097183471152322e-14
BJS,B00727,way/24908,way/1032437188,1.5888218580782548e-14
BJS,B00728,way/25684,way/1170760308,7.105427357601002e-15
BJS,B00729,way/12488,way/525967646,1.5888218580782548e-14
BJS,B00730,way/1270,way/88217628,1.5888218580782548e-14
BJS,B00731,way/11306,way/520236973,1.5888218580782548e-14
BJS,B00732,way/23985,way/982838529,1.5888218580782548e-14
BJS,B00733,way/8684,way/478339634,1.4210854715202004e-14
BJS,B00734,way/3303,way/258198420,2.0097183471152322e-14
BJS,B00735,way/6603,way/432732523,1.4210854715202004e-14
BJS,B00736,way/16632,way/638294626,7.105427357601002e-15
BJS,B00737,way/31267,way/1527476470,1.4210854715202004e-14
BJS,B00738,way/21501,way/790947353,1.5888218580782548e-14
BJS,B00739,way/6801,way/442397494,1.5888218580782548e-14
BJS,B00740,way/10853,way/519416305,1.4210854715202004e-14
BJS,B00741,way/30012,way/1424099166,1.4210854715202004e-14
BJS,B00742,way/3152,way/258088793,1.4210854715202004e-14
BJS,B00743,way/15051,way/637225570,1.4210854715202004e-14
BJS,B00744,way/7526,way/469532518,2.0097183471152322e-14
BJS,B00745,way/19489,way/764431910,1.4210854715202004e-14
BJS,B00746,way/20102,way/764446087,1.5888218580782548e-14
BJS,B00747,way/30905,way/1517309718,2.0097183471152322e-14
BJS,B00748,way/22331,way/893293426,1.5888218580782548e-14
BJS,B00749,way/12798,way/525986577,1.4210854715202004e-14
BJS,B00750,way/12087,way/521057738,2.0097183471152322e-14
BJS,B00751,way/17433,way/650010561,1.5888218580782548e-14
BJS,B00752,way/5642,way/355256850,1.4210854715202004e-14
BJS,B00753,way/14930,way/637225443,7.105427357601002e-15
BJS,B00754,way/7775,way/476128562,1.5888218580782548e-14
BJS,B00755,way/19605,way/764434435,1.4210854715202004e-14
BJS,B00756,way/19891,way/764441409,1.5888218580782548e-14
BJS,B00757,way/21830,way/885828919,1.5888218580782548e-14
BJS,B00758,way/6988,way/468420636,1.5888218580782548e-14
BJS,B00759,way/22236,way/893287899,1.5888218580782548e-14
BJS,B00760,way/13235,way/561187420,1.4210854715202004e-14
BJS,B00761,way/9439,way/478550198,1.4210854715202004e-14
BJS,B00762,way/14497,way/636389055,1.4210854715202004e-14
BJS,B00763,way/21995,way/893283180,1.4210854715202004e-14
BJS,B00764,way/3379,way/262159790,1.4210854715202004e-14
BJS,B00765,way/19943,way/764441461,7.105427357601002e-15
BJS,B00766,way/19769,way/764438445,1.4210854715202004e-14
BJS,B00767,way/9134,way/478472234,0.0
BJS,B00768,way/9407,way/478495080,1.4210854715202004e-14
BJS,B00769,way/9327,way/478494936,1.5888218580782548e-14
BJS,B00770,way/14361,way/632311567,1.5888218580782548e-14
BJS,B00771,way/30445,way/1468427095,1.4210854715202004e-14
BJS,B00772,way/5994,way/384269050,1.5888218580782548e-14
BJS,B00773,way/4325,way/301405105,1.5888218580782548e-14
BJS,B00774,way/2122,way/228580196,1.5888218580782548e-14
BJS,B00775,way/2460,way/234220364,1.5888218580782548e-14
BJS,B00776,way/2280,way/232418230,1.4210854715202004e-14
BJS,B00777,way/23764,way/950261492,1.5888218580782548e-14
BJS,B00778,way/1823,way/188600671,1.5888218580782548e-14
BJS,B00779,way/22564,way/893303998,1.5888218580782548e-14
BJS,B00780,way/22750,way/893304185,1.5888218580782548e-14
BJS,B00781,way/3762,way/267600809,1.5888218580782548e-14
BJS,B00782,way/23226,way/917295983,1.5888218580782548e-14
BJS,B00783,way/25946,way/1223117979,1.4210854715202004e-14
BJS,B00784,way/1653,way/169431753,7.105427357601002e-15
BJS,B00785,way/21616,way/840208549,7.105427357601002e-15
BJS,B00786,way/30604,way/1491687079,1.4210854715202004e-14
BJS,B00787,way/24871,way/1025398366,1.4210854715202004e-14
BJS,B00788,way/7623,way/475423647,1.4210854715202004e-14
BJS,B00789,way/24091,way/987112086,2.0097183471152322e-14
BJS,B00790,way/20375,way/764531075,1.4210854715202004e-14
BJS,B00791,way/10474,way/479314893,1.5888218580782548e-14
BJS,B00792,way/24512,way/1016753871,1.5888218580782548e-14
BJS,B00793,way/16071,way/637271133,1.4210854715202004e-14
BJS,B00794,way/16039,way/637271099,7.105427357601002e-15
BJS,B00795,way/17166,way/638714874,1.5888218580782548e-14
BJS,B00796,way/17106,way/638714797,1.5888218580782548e-14
BJS,B00797,way/11452,way/520616911,1.5888218580782548e-14
BJS,B00798,way/25249,way/1062642651,1.4210854715202004e-14
BJS,B00799,way/21002,way/764625558,1.4210854715202004e-14
BJS,B00800,way/21309,way/764628417,1.5888218580782548e-14
BJS,B00801,way/2701,way/254006491,1.4210854715202004e-14
BJS,B00802,way/25111,way/1041616444,7.105427357601002e-15
BJS,B00803,way/18181,way/681798937,1.4210854715202004e-14
BJS,B00804,way/18185,way/681798941,1.5888218580782548e-14
BJS,B00805,way/21929,way/891798994,1.5888218580782548e-14
BJS,B00806,way/17027,way/638714707,1.5888218580782548e-14
BJS,B00807,way/17177,way/638715260,1.5888218580782548e-14
BJS,B00808,way/11510,way/520616994,1.4210854715202004e-14
BJS,B00809,way/10007,way/479274456,7.105427357601002e-15
BJS,B00810,way/9974,way/479265500,1.5888218580782548e-14
BJS,B00811,way/16022,way/637264046,2.0097183471152322e-14
BJS,B00812,way/1958,way/227124853,1.5888218580782548e-14
BJS,B00813,way/28061,way/1318061325,1.5888218580782548e-14
BJS,B00814,way/18949,way/695936553,1.5888218580782548e-14
BJS,B00815,way/25038,way/1038124170,1.4210854715202004e-14
BJS,B00816,way/18621,way/695924669,1.4210854715202004e-14
BJS,B00817,way/29300,way/1324457514,2.0097183471152322e-14
BJS,B00818,way/1786,way/180188970,1.4210854715202004e-14
BJS,B00819,way/23795,way/951684175,1.5888218580782548e-14
BJS,B00820,way/23964,way/978740057,1.5888218580782548e-14
BJS,B00821,way/29013,way/1318447522,1.4210854715202004e-14
BJS,B00822,way/28727,way/1318134602,1.4210854715202004e-14
BJS,B00823,way/28142,way/1318101635,1.5888218580782548e-14
BJS,B00824,way/28124,way/1318092949,1.4210854715202004e-14
BJS,B00825,way/31337,way/1527481982,1.4210854715202004e-14
BJS,B00826,way/9584,way/478581598,1.4210854715202004e-14
BJS,B00827,way/24953,way/1034363581,1.5888218580782548e-14
BJS,B00828,way/26036,way/1240401416,1.4210854715202004e-14
BJS,B00829,way/12,relation/3447648,1.5888218580782548e-14
BJS,B00830,way/4114,way/297698637,1.4210854715202004e-14
BJS,B00831,way/15304,way/637237550,1.4210854715202004e-14
BJS,B00832,way/16628,way/638285029,1.4210854715202004e-14
BJS,B00833,way/6607,way/432743760,2.0097183471152322e-14
BJS,B00834,way/16635,way/638294629,1.5888218580782548e-14
BJS,B00835,way/4023,way/297040986,1.5888218580782548e-14
BJS,B00836,way/27520,way/1263656538,1.5888218580782548e-14
BJS,B00837,way/9705,way/478581769,1.4210854715202004e-14
BJS,B00838,way/12061,way/521048345,2.0097183471152322e-14
BJS,B00839,way/12300,way/523763744,1.4210854715202004e-14
BJS,B00840,way/62,relation/7032037,2.0097183471152322e-14
BJS,B00841,way/1454,way/151733451,1.5888218580782548e-14
BJS,B00842,way/4650,way/337129535,1.5888218580782548e-14
BJS,B00843,way/19535,way/764434361,1.4210854715202004e-14
BJS,B00844,way/25022,way/1037020722,1.4210854715202004e-14
BJS,B00845,way/12409,way/524660563,1.5888218580782548e-14
BJS,B00846,way/12825,way/525986609,1.5888218580782548e-14
BJS,B00847,way/30846,way/1511789040,2.0097183471152322e-14
BJS,B00848,way/27374,way/1249504688,1.5888218580782548e-14
BJS,B00849,way/13692,way/625787545,1.5888218580782548e-14
BJS,B00850,way/29487,way/1353535304,1.4210854715202004e-14
BJS,B00851,way/7722,way/476106767,1.5888218580782548e-14
BJS,B00852,way/25482,way/1138726167,1.4210854715202004e-14
BJS,B00853,way/19298,way/764421065,2.0097183471152322e-14
BJS,B00854,way/2486,way/235243284,1.4210854715202004e-14
BJS,B00855,way/21458,way/766578936,1.4210854715202004e-14
BJS,B00856,way/22476,way/893297468,1.5888218580782548e-14
BJS,B00857,way/9196,way/478494786,1.4210854715202004e-14
BJS,B00858,way/17802,way/654426441,1.5888218580782548e-14
BJS,B00859,way/13560,way/616199566,1.5888218580782548e-14
BJS,B00860,way/29699,way/1386116543,1.4210854715202004e-14
BJS,B00861,way/12994,way/536927227,1.4210854715202004e-14
BJS,B00862,way/4941,way/350503505,1.5888218580782548e-14
BJS,B00863,way/19938,way/764441456,1.4210854715202004e-14
BJS,B00864,way/19991,way/764441511,1.4210854715202004e-14
BJS,B00865,way/23696,way/950261422,1.4210854715202004e-14
BJS,B00866,way/8941,way/478432547,1.5888218580782548e-14
BJS,B00867,way/3405,way/262361671,2.0097183471152322e-14
BJS,B00868,way/23444,way/931453411,2.5618982671915014e-14
BJS,B00869,way/2716,way/255789064,1.5888218580782548e-14
BJS,B00870,way/25479,way/1136348280,1.4210854715202004e-14
BJS,B00871,way/4311,way/300742638,1.4210854715202004e-14
BJS,B00872,way/2064,way/228086977,1.5888218580782548e-14
BJS,B00873,way/2081,way/228087001,1.4210854715202004e-14
BJS,B00874,way/13547,way/612290599,1.4210854715202004e-14
BJS,B00875,way/12945,way/529761016,7.105427357601002e-15
BJS,B00876,way/6899,way/466632437,2.0097183471152322e-14
BJS,B00877,way/22674,way/893304108,1.4210854715202004e-14
BJS,B00878,way/14295,way/632245581,1.4210854715202004e-14
BJS,B00879,way/13803,way/631919826,1.4210854715202004e-14
BJS,B00880,way/23024,way/917239082,1.5888218580782548e-14
BJS,B00881,way/23175,way/917265098,1.4210854715202004e-14
BJS,B00882,way/5714,way/356871645,1.5888218580782548e-14
BJS,B00883,way/2466,way/234239792,1.5888218580782548e-14
BJS,B00884,way/30602,way/1491119933,1.5888218580782548e-14
BJS,B00885,way/24857,way/1025388826,2.0097183471152322e-14
BJS,B00886,way/6878,way/453481452,1.4210854715202004e-14
BJS,B00887,way/24193,way/988564251,1.4210854715202004e-14
BJS,B00888,way/10531,way/479314965,2.0097183471152322e-14
BJS,B00889,way/10459,way/479314878,1.5888218580782548e-14
BJS,B00890,way/21188,way/764625762,1.5888218580782548e-14
BJS,B00891,way/16354,way/637287968,1.5888218580782548e-14
BJS,B00892,way/16045,way/637271105,2.0097183471152322e-14
BJS,B00893,way/17159,way/638714867,1.5888218580782548e-14
BJS,B00894,way/17102,way/638714793,1.5888218580782548e-14
BJS,B00895,way/30647,way/1498792069,2.0097183471152322e-14
BJS,B00896,way/10151,way/479285366,1.5888218580782548e-14
BJS,B00897,way/10420,way/479314836,1.4210854715202004e-14
BJS,B00898,way/21386,way/764628501,1.4210854715202004e-14
BJS,B00899,way/16292,way/637287868,1.5888218580782548e-14
BJS,B00900,way/16130,way/637287627,1.4210854715202004e-14
BJS,B00901,way/18223,way/681831278,1.5888218580782548e-14
BJS,B00902,way/28877,way/1318440576,1.5888218580782548e-14
BJS,B00903,way/27598,way/1299693941,1.4210854715202004e-14
BJS,B00904,way/17064,way/638714754,1.5888218580782548e-14
BJS,B00905,way/11286,way/519941361,1.5888218580782548e-14
BJS,B00906,way/11125,way/519922025,1.4210854715202004e-14
BJS,B00907,way/10051,way/479274519,1.4210854715202004e-14
BJS,B00908,way/9973,way/479265499,2.1316282072803006e-14
BJS,B00909,way/15998,way/637264016,2.0097183471152322e-14
BJS,B00910,way/15715,way/637263693,1.4210854715202004e-14
BJS,B00911,way/28027,way/1318060599,1.5888218580782548e-14
BJS,B00912,way/18937,way/695936541,1.4210854715202004e-14
BJS,B00913,way/12970,way/529815982,1.5888218580782548e-14
BJS,B00914,way/4177,way/297847674,1.5888218580782548e-14
BJS,B00915,way/11253,way/519941309,1.4210854715202004e-14
BJS,B00916,way/11024,way/519900983,1.4210854715202004e-14
BJS,B00917,way/8225,way/477923861,1.4210854715202004e-14
BJS,B00918,way/2050,way/228051935,2.0097183471152322e-14
BJS,B00919,way/25162,way/1052235088,1.4210854715202004e-14
BJS,B00920,way/28560,way/1318127831,1.5888218580782548e-14
BJS,B00921,way/28161,way/1318101654,1.4210854715202004e-14
BJS,B00922,way/13017,way/543815688,1.5888218580782548e-14
BJS,B00923,way/13593,way/621690859,1.5888218580782548e-14
BJS,B00924,way/25672,way/1169537556,1.5888218580782548e-14
BJS,B00925,way/18799,way/695924869,1.4210854715202004e-14
BJS,B00926,way/18872,way/695932652,1.4210854715202004e-14
BJS,B00927,way/21970,way/893282233,1.5888218580782548e-14
BJS,B00928,way/29369,way/1334456633,1.5888218580782548e-14
BJS,B00929,way/15287,way/637237533,1.4210854715202004e-14
BJS,B00930,way/1512,way/151990737,1.4210854715202004e-14
BJS,B00931,way/27678,way/1303643496,2.5618982671915014e-14
BJS,B00932,way/6756,way/442188302,1.4210854715202004e-14
BJS,B00933,way/24803,way/1022729909,1.5888218580782548e-14
BJS,B00934,way/13756,way/630822274,1.5888218580782548e-14
BJS,B00935,way/9613,way/478581628,1.4210854715202004e-14
BJS,B00936,way/31654,way/1544741156,1.4210854715202004e-14
BJS,B00937,way/17491,way/650982576,1.4210854715202004e-14
BJS,B00938,way/8593,way/478326352,1.4210854715202004e-14
BJS,B00939,way/64,relation/7033335,2.1316282072803006e-14
BJS,B00940,way/5522,way/352736782,1.5888218580782548e-14
BJS,B00941,way/4142,way/297809763,7.105427357601002e-15
BJS,B00942,way/20125,way/764446111,1.4210854715202004e-14
BJS,B00943,way/27555,way/1272971217,1.4210854715202004e-14
BJS,B00944,way/22335,way/893293430,2.0097183471152322e-14
BJS,B00945,way/26551,way/1243639318,1.5888218580782548e-14
BJS,B00946,way/17847,way/654770791,1.5888218580782548e-14
BJS,B00947,way/6239,way/419838215,1.4210854715202004e-14
BJS,B00948,way/29547,way/1355304176,1.4210854715202004e-14
BJS,B00949,way/7312,way/468890406,1.5888218580782548e-14
BJS,B00950,way/7444,way/469518335,1.4210854715202004e-14
BJS,B00951,way/19559,way/764434387,1.4210854715202004e-14
BJS,B00952,way/20025,way/764446010,1.4210854715202004e-14
BJS,B00953,way/9091,way/478472175,1.5888218580782548e-14
BJS,B00954,way/22080,way/893287742,1.4210854715202004e-14
BJS,B00955,way/73,relation/7034322,1.5888218580782548e-14
BJS,B00956,way/1923,way/227118563,1.4210854715202004e-14
BJS,B00957,way/17733,way/654420573,1.4210854715202004e-14
BJS,B00958,way/25568,way/1157247649,1.5888218580782548e-14
BJS,B00959,way/4332,way/301654476,7.105427357601002e-15
BJS,B00960,way/4728,way/345162636,1.4210854715202004e-14
BJS,B00961,way/5835,way/371402251,1.5888218580782548e-14
BJS,B00962,way/5577,way/352783139,1.4210854715202004e-14
BJS,B00963,way/23691,way/950261416,1.4210854715202004e-14
BJS,B00964,way/9400,way/478495065,2.0097183471152322e-14
BJS,B00965,way/23908,way/969562590,1.4210854715202004e-14
BJS,B00966,way/25324,way/1066633806,7.105427357601002e-15
BJS,B00967,way/30303,way/1468426952,1.5888218580782548e-14
BJS,B00968,way/1400,way/121375740,1.4210854715202004e-14
BJS,B00969,way/3988,way/289871469,1.5888218580782548e-14
BJS,B00970,way/2140,way/228580234,2.0097183471152322e-14
BJS,B00971,way/2306,way/232496541,1.4210854715202004e-14
BJS,B00972,way/13545,way/612290416,1.4210854715202004e-14
BJS,B00973,way/4356,way/305570891,1.4210854715202004e-14
BJS,B00974,way/3891,way/276201136,1.4210854715202004e-14
BJS,B00975,way/6643,way/435148738,1.5888218580782548e-14
BJS,B00976,way/22779,way/893304214,1.4210854715202004e-14
BJS,B00977,way/6502,way/426406736,1.4210854715202004e-14
BJS,B00978,way/23211,way/917295968,1.5888218580782548e-14
BJS,B00979,way/6936,way/467345751,1.5888218580782548e-14
BJS,B00980,way/5933,way/372792264,1.4210854715202004e-14
BJS,B00981,way/2297,way/232495292,1.5888218580782548e-14
BJS,B00982,way/2251,way/232112605,1.5888218580782548e-14
BJS,B00983,way/22902,way/911803169,1.5888218580782548e-14
BJS,B00984,way/7600,way/475423279,1.5888218580782548e-14
BJS,B00985,way/24188,way/988564237,1.5888218580782548e-14
BJS,B00986,way/10506,way/479314931,2.0097183471152322e-14
BJS,B00987,way/2513,way/237488966,1.4210854715202004e-14
BJS,B00988,way/21206,way/764625781,1.4210854715202004e-14
BJS,B00989,way/16174,way/637287739,1.5888218580782548e-14
BJS,B00990,way/16346,way/637287951,1.4210854715202004e-14
BJS,B00991,way/13001,way/539793911,1.4210854715202004e-14
BJS,B00992,way/17078,way/638714768,2.0097183471152322e-14
BJS,B00993,way/18502,way/689032227,1.5888218580782548e-14
BJS,B00994,way/10319,way/479291512,1.5888218580782548e-14
BJS,B00995,way/10393,way/479294520,2.0097183471152322e-14
BJS,B00996,way/20713,way/764592110,7.105427357601002e-15
BJS,B00997,way/16280,way/637287855,1.4210854715202004e-14
BJS,B00998,way/15936,way/637263933,1.5888218580782548e-14
BJS,B00999,way/18169,way/681798918,1.4210854715202004e-14
BJS,B01000,way/28870,way/1318440569,1.5888218580782548e-14
CKG,B00001,way/6417,way/1547457064,1.0658141036401503e-14
CKG,B00002,way/6410,way/1546543318,1.5888218580782548e-14
CKG,B00003,way/3704,way/1008124892,1.464821375527116e-14
CKG,B00004,way/261,way/279320359,3.552713678800501e-15
CKG,B00005,way/2090,way/817818608,1.464821375527116e-14
CKG,B00006,way/506,way/607831605,1.5888218580782548e-14
CKG,B00007,way/499,way/607831595,7.105427357601002e-15
CKG,B00008,way/5407,way/1414385174,1.5888218580782548e-14
CKG,B00009,way/5414,way/1414385216,1.4210854715202004e-14
CKG,B00010,way/5775,way/1484076402,1.5888218580782548e-14
CKG,B00011,way/4072,way/1192978998,1.464821375527116e-14
CKG,B00012,way/3971,way/1082244719,1.464821375527116e-14
CKG,B00013,way/3066,way/866088634,1.464821375527116e-14
CKG,B00014,way/1807,way/809943198,2.0097183471152322e-14
CKG,B00015,way/2796,way/860223095,7.105427357601002e-15
CKG,B00016,way/5460,way/1415425768,1.4210854715202004e-14
CKG,B00017,way/5452,way/1415417502,1.464821375527116e-14
CKG,B00018,way/517,way/658867538,1.5888218580782548e-14
CKG,B00019,way/5295,way/1412730844,1.464821375527116e-14
CKG,B00020,way/4408,way/1313206817,1.464821375527116e-14
CKG,B00021,way/264,way/296818824,7.105427357601002e-15
CKG,B00022,way/121,way/78389263,1.0658141036401503e-14
CKG,B00023,way/568,way/692206401,1.4210854715202004e-14
CKG,B00024,way/3202,way/866244730,3.552713678800501e-15
CKG,B00025,way/3232,way/866246158,1.0658141036401503e-14
CKG,B00026,way/314,way/412488903,1.0658141036401503e-14
CKG,B00027,way/234,way/230707701,1.5888218580782548e-14
CKG,B00028,way/3988,way/1112651486,1.0658141036401503e-14
CKG,B00029,way/4563,way/1336751069,7.105427357601002e-15
CKG,B00030,way/4006,way/1157849298,7.105427357601002e-15
CKG,B00031,way/3374,way/881210962,1.4210854715202004e-14
CKG,B00032,way/152,way/150516102,3.552713678800501e-15
CKG,B00033,way/2231,way/844055051,1.0658141036401503e-14
CKG,B00034,way/470,way/583628676,1.464821375527116e-14
CKG,B00035,way/2864,way/865778131,7.105427357601002e-15
CKG,B00036,way/5330,way/1412982317,3.552713678800501e-15
CKG,B00037,way/5317,way/1412977574,7.105427357601002e-15
CKG,B00038,way/341,way/412742044,7.105427357601002e-15
CKG,B00039,way/1,relation/7130882,1.4210854715202004e-14
CKG,B00040,way/3585,way/945141369,1.4210854715202004e-14
CKG,B00041,way/3603,way/950279502,1.4210854715202004e-14
CKG,B00042,way/2069,way/814464054,3.552713678800501e-15
CKG,B00043,way/3605,way/951618539,3.552713678800501e-15
CKG,B00044,way/4722,way/1351199093,7.105427357601002e-15
CKG,B00045,way/823,way/704009312,7.105427357601002e-15
CKG,B00046,way/719,way/704006830,7.105427357601002e-15
CKG,B00047,way/1214,way/704026253,3.552713678800501e-15
CKG,B00048,way/1846,way/810049712,3.552713678800501e-15
CKG,B00049,way/413,way/568985369,1.0658141036401503e-14
CKG,B00050,way/1360,way/770862774,1.0658141036401503e-14
CKG,B00051,way/3106,way/866199343,7.105427357601002e-15
CKG,B00052,way/5128,way/1389246684,1.0658141036401503e-14
CKG,B00053,way/4708,way/1350374656,7.105427357601002e-15
CKG,B00054,way/1123,way/704025183,1.464821375527116e-14
CKG,B00055,way/2421,way/846585419,1.464821375527116e-14
CKG,B00056,way/1552,way/809713520,1.5888218580782548e-14
CKG,B00057,way/3268,way/870022306,7.105427357601002e-15
CKG,B00058,way/3651,way/964676424,3.552713678800501e-15
CKG,B00059,way/5582,way/1448206067,7.105427357601002e-15
CKG,B00060,way/1326,way/732371217,1.4210854715202004e-14
CKG,B00061,way/3105,way/866199342,1.5888218580782548e-14
CKG,B00062,way/3110,way/866199358,7.105427357601002e-15
CKG,B00063,way/218,way/229876397,1.5888218580782548e-14
CKG,B00064,way/2593,way/847119938,1.4210854715202004e-14
CKG,B00065,way/6192,way/1524816196,1.464821375527116e-14
CKG,B00066,way/1227,way/706084038,1.464821375527116e-14
CKG,B00067,way/3401,way/923515162,1.7763568394002505e-14
CKG,B00068,way/5208,way/1408811128,1.0658141036401503e-14
CKG,B00069,way/4272,way/1265477698,1.4210854715202004e-14
CKG,B00070,way/4206,way/1264124052,1.464821375527116e-14
CKG,B00071,way/4691,way/1350013466,7.105427357601002e-15
CKG,B00072,way/3347,way/879581649,7.105427357601002e-15
CKG,B00073,way/3251,way/867681474,1.5888218580782548e-14
CKG,B00074,way/4296,way/1266419751,1.4210854715202004e-14
CKG,B00075,way/3850,way/1026722354,7.105427357601002e-15
CKG,B00076,way/5077,way/1380818543,7.105427357601002e-15
CKG,B00077,way/5997,way/1495859907,1.4210854715202004e-14
CKG,B00078,way/4187,way/1263749054,7.105427357601002e-15
CKG,B00079,way/4193,way/1263749068,1.4210854715202004e-14
CKG,B00080,way/3573,way/925597132,1.4210854715202004e-14
CKG,B00081,way/5742,way/1480023137,7.105427357601002e-15
CKG,B00082,way/4144,way/1244840647,3.552713678800501e-15
CKG,B00083,way/5111,way/1387439279,7.105427357601002e-15
CKG,B00084,way/5394,way/1413006755,1.0658141036401503e-14
CKG,B00085,way/2834,way/863985657,1.5888218580782548e-14
CKG,B00086,way/5281,way/1410724091,1.0658141036401503e-14
CKG,B00087,way/2283,way/844864196,7.105427357601002e-15
CKG,B00088,way/4166,way/1259387992,1.464821375527116e-14
CKG,B00089,way/4120,way/1222934795,1.4210854715202004e-14
CKG,B00090,way/4113,way/1222778502,1.464821375527116e-14
CKG,B00091,way/563,way/673531499,1.4210854715202004e-14
CKG,B00092,way/5483,way/1422717155,1.0658141036401503e-14
CKG,B00093,way/4261,way/1264794419,7.105427357601002e-15
CKG,B00094,way/3843,way/1021584374,1.5888218580782548e-14
CKG,B00095,way/2839,way/863985662,1.5888218580782548e-14
CKG,B00096,way/6446,way/1548265697,1.4210854715202004e-14
CKG,B00097,way/6550,way/1548265882,1.4210854715202004e-14
CKG,B00098,way/3758,way/1012964979,7.105427357601002e-15
CKG,B00099,way/258,way/279318833,3.552713678800501e-15
CKG,B00100,way/2025,way/813578058,7.105427357601002e-15
CKG,B00101,way/510,way/607831609,3.552713678800501e-15
CKG,B00102,way/438,way/583110856,1.464821375527116e-14
CKG,B00103,way/4464,way/1323837624,7.105427357601002e-15
CKG,B00104,way/5412,way/1414385214,3.552713678800501e-15
CKG,B00105,way/6639,way/1551680004,1.464821375527116e-14
CKG,B00106,way/6086,way/1497032439,1.5888218580782548e-14
CKG,B00107,way/3775,way/1013370947,1.5888218580782548e-14
CKG,B00108,way/1771,way/809941616,1.4210854715202004e-14
CKG,B00109,way/5730,way/1479596311,1.0658141036401503e-14
CKG,B00110,way/2693,way/860214795,1.5888218580782548e-14
CKG,B00111,way/5441,way/1414908957,1.4210854715202004e-14
CKG,B00112,way/3986,way/1112647189,7.105427357601002e-15
CKG,B00113,way/5645,way/1455407517,1.5888218580782548e-14
CKG,B00114,way/5298,way/1412730859,1.4210854715202004e-14
CKG,B00115,way/4402,way/1313206811,1.464821375527116e-14
CKG,B00116,way/4307,way/1271204030,3.552713678800501e-15
CKG,B00117,way/3664,way/996081590,7.105427357601002e-15
CKG,B00118,way/5718,way/1478490301,7.105427357601002e-15
CKG,B00119,way/3211,way/866244740,1.5888218580782548e-14
CKG,B00120,way/1390,way/809232717,1.5888218580782548e-14
CKG,B00121,way/1324,way/708023020,1.7763568394002505e-14
CKG,B00122,way/233,way/230707699,1.464821375527116e-14
CKG,B00123,way/4557,way/1336751063,7.105427357601002e-15
CKG,B00124,way/4008,way/1157849303,1.4210854715202004e-14
CKG,B00125,way/3375,way/881210963,1.0658141036401503e-14
CKG,B00126,way/168,way/150579694,1.464821375527116e-14
CKG,B00127,way/2054,way/813856055,1.5888218580782548e-14
CKG,B00128,way/469,way/583628675,1.0658141036401503e-14
CKG,B00129,way/2862,way/865778129,1.5888218580782548e-14
CKG,B00130,way/3284,way/871948707,7.105427357601002e-15
CKG,B00131,way/5338,way/1412982327,7.105427357601002e-15
CKG,B00132,way/5011,way/1376484952,1.4210854715202004e-14
CKG,B00133,way/246,way/273472240,1.0658141036401503e-14
CKG,B00134,way/3891,way/1073321569,1.464821375527116e-14
CKG,B00135,way/4329,way/1293675395,1.0658141036401503e-14
CKG,B00136,way/2065,way/813856080,7.105427357601002e-15
CKG,B00137,way/1425,way/809248602,1.4210854715202004e-14
CKG,B00138,way/5564,way/1442150370,1.464821375527116e-14
CKG,B00139,way/750,way/704006865,3.552713678800501e-15
CKG,B00140,way/381,way/486221602,1.464821375527116e-14
CKG,B00141,way/40,relation/11821437,1.4210854715202004e-14
CKG,B00142,way/21,relation/11157744,1.464821375527116e-14
CKG,B00143,way/4327,way/1281965503,7.105427357601002e-15
CKG,B00144,way/3941,way/1076162185,3.552713678800501e-15
CKG,B00145,way/5132,way/1389246688,1.4210854715202004e-14
CKG,B00146,way/4930,way/1364030159,7.105427357601002e-15
CKG,B00147,way/5065,way/1379326039,1.464821375527116e-14
CKG,B00148,way/904,way/704024946,1.4210854715202004e-14
CKG,B00149,way/51,relation/12814138,1.5888218580782548e-14
CKG,B00150,way/1828,way/810032679,7.105427357601002e-15
CKG,B00151,way/1847,way/810049727,7.105427357601002e-15
CKG,B00152,way/5581,way/1448206066,1.7763568394002505e-14
CKG,B00153,way/5578,way/1448206061,1.0658141036401503e-14
CKG,B00154,way/3917,way/1076162154,1.464821375527116e-14
CKG,B00155,way/4358,way/1303852189,1.0658141036401503e-14
CKG,B00156,way/1972,way/810470862,1.464821375527116e-14
CKG,B00157,way/2614,way/847119973,1.0658141036401503e-14
CKG,B00158,way/2357,way/846536518,1.464821375527116e-14
CKG,B00159,way/13,relation/11154738,1.464821375527116e-14
CKG,B00160,way/3396,way/923515157,1.5888218580782548e-14
CKG,B00161,way/5205,way/1408811125,3.552713678800501e-15
CKG,B00162,way/4283,way/1265482239,1.464821375527116e-14
CKG,B00163,way/4684,way/1350013459,1.464821375527116e-14
CKG,B00164,way/1378,way/803089250,7.105427357601002e-15
CKG,B00165,way/3348,way/879581650,1.4210854715202004e-14
CKG,B00166,way/5735,way/1480022732,1.464821375527116e-14
CKG,B00167,way/401,way/486221632,7.105427357601002e-15
CKG,B00168,way/5879,way/1489364252,1.4210854715202004e-14
CKG,B00169,way/5520,way/1430549158,1.0658141036401503e-14
CKG,B00170,way/2274,way/844864174,1.4210854715202004e-14
CKG,B00171,way/4184,way/1263749048,1.0658141036401503e-14
CKG,B00172,way/2015,way/812506002,1.464821375527116e-14
CKG,B00173,way/4305,way/1267657784,1.4210854715202004e-14
CKG,B00174,way/3903,way/1074105413,1.4210854715202004e-14
CKG,B00175,way/5630,way/1451028375,3.552713678800501e-15
CKG,B00176,way/4151,way/1244840659,7.105427357601002e-15
CKG,B00177,way/5832,way/1486264338,3.552713678800501e-15
CKG,B00178,way/104,relation/20775543,1.464821375527116e-14
CKG,B00179,way/5286,way/1410724096,1.4210854715202004e-14
CKG,B00180,way/2263,way/844864152,1.0658141036401503e-14
CKG,B00181,way/4164,way/1259387990,1.0658141036401503e-14
CKG,B00182,way/4103,way/1222778476,1.0658141036401503e-14
CKG,B00183,way/3813,way/1015399625,1.0658141036401503e-14
CKG,B00184,way/536,way/673524990,1.4210854715202004e-14
CKG,B00185,way/5763,way/1483736274,1.464821375527116e-14
CKG,B00186,way/6125,way/1498695625,7.105427357601002e-15
CKG,B00187,way/4156,way/1255683421,1.0658141036401503e-14
CKG,B00188,way/2840,way/863985663,1.4210854715202004e-14
CKG,B00189,way/6345,way/1546470192,1.464821375527116e-14
CKG,B00190,way/3700,way/1007283969,7.105427357601002e-15
CKG,B00191,way/3867,way/1035898121,1.464821375527116e-14
CKG,B00192,way/3881,way/1055327955,1.464821375527116e-14
CKG,B00193,way/4947,way/1371046774,1.464821375527116e-14
CKG,B00194,way/2682,way/859337899,3.552713678800501e-15
CKG,B00195,way/4461,way/1322823592,7.105427357601002e-15
CKG,B00196,way/5405,way/1413834923,1.0658141036401503e-14
CKG,B00197,way/5419,way/1414385222,7.105427357601002e-15
CKG,B00198,way/4010,way/1157912355,3.552713678800501e-15
CKG,B00199,way/6143,way/1501055274,1.4210854715202004e-14
CKG,B00200,way/3721,way/1012807380,3.552713678800501e-15
CKG,B00201,way/3082,way/866088656,1.5888218580782548e-14
CKG,B00202,way/1760,way/809941604,7.105427357601002e-15
CKG,B00203,way/2801,way/860223100,1.464821375527116e-14
CKG,B00204,way/2725,way/860214829,7.105427357601002e-15
CKG,B00205,way/5453,way/1415417503,3.552713678800501e-15
CKG,B00206,way/1861,way/810051682,1.4210854715202004e-14
CKG,B00207,way/206,way/151492159,1.464821375527116e-14
CKG,B00208,way/6061,way/1496945470,1.4210854715202004e-14
CKG,B00209,way/5184,way/1391313569,1.4210854715202004e-14
CKG,B00210,way/3209,way/866244738,1.7763568394002505e-14
CKG,B00211,way/1385,way/809232706,7.105427357601002e-15
CKG,B00212,way/307,way/412488894,1.464821375527116e-14
CKG,B00213,way/5431,way/1414595137,7.105427357601002e-15
CKG,B00214,way/4571,way/1336751077,1.5888218580782548e-14
CKG,B00215,way/5494,way/1427325867,3.552713678800501e-15
CKG,B00216,way/3357,way/881210940,7.105427357601002e-15
CKG,B00217,way/3367,way/881210953,7.105427357601002e-15
CKG,B00218,way/2037,way/813856035,7.105427357601002e-15
CKG,B00219,way/2239,way/844055059,1.4210854715202004e-14
CKG,B00220,way/2104,way/843663749,1.5888218580782548e-14
CKG,B00221,way/5333,way/1412982320,7.105427357601002e-15
CKG,B00222,way/5341,way/1412982332,1.0658141036401503e-14
CKG,B00223,way/3817,way/1018381408,7.105427357601002e-15
CKG,B00224,way/4543,way/1336751049,7.105427357601002e-15
CKG,B00225,way/3892,way/1073321570,7.105427357601002e-15
CKG,B00226,way/4447,way/1314574495,3.552713678800501e-15
CKG,B00227,way/5062,way/1379102421,3.552713678800501e-15
CKG,B00228,way/4716,way/1350657722,1.4210854715202004e-14
CKG,B00229,way/860,way/704009352,1.464821375527116e-14
CKG,B00230,way/4677,way/1348500547,0.0
CKG,B00231,way/2191,way/843677856,3.552713678800501e-15
CKG,B00232,way/1429,way/809271243,1.5888218580782548e-14
CKG,B00233,way/412,way/568985368,7.105427357601002e-15
CKG,B00234,way/1372,way/770865550,1.4210854715202004e-14
CKG,B00235,way/3940,way/1076162184,3.552713678800501e-15
CKG,B00236,way/5131,way/1389246687,7.105427357601002e-15
CKG,B00237,way/4904,way/1361452186,1.4210854715202004e-14
CKG,B00238,way/1136,way/704025197,7.105427357601002e-15
CKG,B00239,way/2565,way/847103488,1.5888218580782548e-14
CKG,B00240,way/1510,way/809713453,7.105427357601002e-15
CKG,B00241,way/513,way/620331955,7.105427357601002e-15
CKG,B00242,way/3652,way/964676440,7.105427357601002e-15
CKG,B00243,way/5583,way/1448206070,1.464821375527116e-14
CKG,B00244,way/5579,way/1448206062,7.105427357601002e-15
CKG,B00245,way/5610,way/1451018864,3.552713678800501e-15
CKG,B00246,way/3128,way/866199376,1.464821375527116e-14
CKG,B00247,way/1970,way/810470860,1.0658141036401503e-14
CKG,B00248,way/577,way/695015864,1.464821375527116e-14
CKG,B00249,way/3432,way/923691778,7.105427357601002e-15
CKG,B00250,way/4463,way/1323610412,1.0658141036401503e-14
CKG,B00251,way/5528,way/1430557547,1.7763568394002505e-14
CKG,B00252,way/5207,way/1408811127,7.105427357601002e-15
CKG,B00253,way/6129,way/1500620458,1.464821375527116e-14
CKG,B00254,way/4208,way/1264124054,7.105427357601002e-15
CKG,B00255,way/4460,way/1320330152,3.552713678800501e-15
CKG,B00256,way/5791,way/1484466439,3.552713678800501e-15
CKG,B00257,way/3241,way/867681459,1.464821375527116e-14
CKG,B00258,way/5108,way/1387439276,1.0658141036401503e-14
CKG,B00259,way/5079,way/1380818574,1.4210854715202004e-14
CKG,B00260,way/6003,way/1495859913,3.552713678800501e-15
CKG,B00261,way/4186,way/1263749053,7.105427357601002e-15
CKG,B00262,way/4234,way/1264146858,1.5888218580782548e-14
CKG,B00263,way/5654,way/1458568273,1.4210854715202004e-14
CKG,B00264,way/4146,way/1244840651,1.464821375527116e-14
CKG,B00265,way/5628,way/1451028373,7.105427357601002e-15
CKG,B00266,way/1220,way/705753867,1.5888218580782548e-14
CKG,B00267,way/5363,way/1413006358,1.4210854715202004e-14
CKG,B00268,way/2835,way/863985658,7.105427357601002e-15
CKG,B00269,way/5275,way/1410724085,3.552713678800501e-15
CKG,B00270,way/2250,way/844864126,1.4210854715202004e-14
CKG,B00271,way/4165,way/1259387991,7.105427357601002e-15
CKG,B00272,way/4104,way/1222778478,3.552713678800501e-15
CKG,B00273,way/4491,way/1331536805,1.7763568394002505e-14
CKG,B00274,way/561,way/673531497,1.0658141036401503e-14
CKG,B00275,way/5648,way/1458328833,7.105427357601002e-15
CKG,B00276,way/103,relation/20667488,7.105427357601002e-15
CKG,B00277,way/6127,way/1498695628,1.4210854715202004e-14
CKG,B00278,way/2842,way/863985668,7.105427357601002e-15
CKG,B00279,way/6374,way/1546470265,7.105427357601002e-15
CKG,B00280,way/6505,way/1548265819,1.5888218580782548e-14
CKG,B00281,way/3275,way/870390842,1.464821375527116e-14
CKG,B00282,way/252,way/279318821,1.5888218580782548e-14
CKG,B00283,way/2088,way/817818606,3.552713678800501e-15
CKG,B00284,way/505,way/607831604,7.105427357601002e-15
CKG,B00285,way/509,way/607831608,1.4210854715202004e-14
CKG,B00286,way/5406,way/1413834924,1.7763568394002505e-14
CKG,B00287,way/5411,way/1414385213,7.105427357601002e-15
CKG,B00288,way/5758,way/1483418249,1.4210854715202004e-14
CKG,B00289,way/5992,way/1493931074,1.464821375527116e-14
CKG,B00290,way/3723,way/1012807385,1.464821375527116e-14
CKG,B00291,way/3822,way/1018995923,1.464821375527116e-14
CKG,B00292,way/3152,way/866205384,7.105427357601002e-15
CKG,B00293,way/2707,way/860214811,1.464821375527116e-14
CKG,B00294,way/2754,way/860214859,1.464821375527116e-14
CKG,B00295,way/5448,way/1415417494,1.4210854715202004e-14
CKG,B00296,way/4415,way/1313206826,1.5888218580782548e-14
CKG,B00297,way/204,way/151491660,1.4210854715202004e-14
CKG,B00298,way/6062,way/1496945471,2.0097183471152322e-14
CKG,B00299,way/5158,way/1391313540,7.105427357601002e-15
CKG,B00300,way/3203,way/866244731,1.5888218580782548e-14
CKG,B00301,way/2857,way/865778117,1.464821375527116e-14
CKG,B00302,way/1309,way/708016488,1.4210854715202004e-14
CKG,B00303,way/5644,way/1453589470,1.464821375527116e-14
CKG,B00304,way/6133,way/1501045057,7.105427357601002e-15
CKG,B00305,way/5498,way/1427325875,7.105427357601002e-15
CKG,B00306,way/3360,way/881210943,1.4210854715202004e-14
CKG,B00307,way/3577,way/938074666,1.0658141036401503e-14
CKG,B00308,way/2052,way/813856053,1.4210854715202004e-14
CKG,B00309,way/2229,way/844055046,7.105427357601002e-15
CKG,B00310,way/2139,way/843663784,1.0658141036401503e-14
CKG,B00311,way/1238,way/706245653,3.552713678800501e-15
CKG,B00312,way/5337,way/1412982326,3.552713678800501e-15
CKG,B00313,way/3987,way/1112651485,7.105427357601002e-15
CKG,B00314,way/4536,way/1336751036,3.552713678800501e-15
CKG,B00315,way/3897,way/1073321575,1.5888218580782548e-14
CKG,B00316,way/2072,way/814464057,1.0658141036401503e-14
CKG,B00317,way/3604,way/951618538,7.105427357601002e-15
CKG,B00318,way/1417,way/809248590,7.105427357601002e-15
CKG,B00319,way/868,way/704009361,7.105427357601002e-15
CKG,B00320,way/631,way/704006738,7.105427357601002e-15
CKG,B00321,way/1461,way/809271280,1.7763568394002505e-14
CKG,B00322,way/5,relation/11151253,1.5888218580782548e-14
CKG,B00323,way/414,way/568985370,1.464821375527116e-14
CKG,B00324,way/1362,way/770862776,7.105427357601002e-15
CKG,B00325,way/4085,way/1210855041,3.552713678800501e-15
CKG,B00326,way/5126,way/1389246682,1.4210854715202004e-14
CKG,B00327,way/4910,way/1361452193,1.5888218580782548e-14
CKG,B00328,way/1063,way/704025121,3.552713678800501e-15
CKG,B00329,way/960,way/704025009,7.105427357601002e-15
CKG,B00330,way/1541,way/809713490,1.464821375527116e-14
CKG,B00331,way/5678,way/1466350770,1.5888218580782548e-14
CKG,B00332,way/3505,way/923822597,7.105427357601002e-15
CKG,B00333,way/5580,way/1448206065,1.0658141036401503e-14
CKG,B00334,way/3918,way/1076162155,1.464821375527116e-14
CKG,B00335,way/4435,way/1314540050,7.105427357601002e-15
CKG,B00336,way/1975,way/810470865,3.552713678800501e-15
CKG,B00337,way/2591,way/847119936,7.105427357601002e-15
CKG,B00338,way/6184,way/1524816182,1.464821375527116e-14
CKG,B00339,way/3655,way/964684395,7.105427357601002e-15
CKG,B00340,way/3404,way/923515184,1.7763568394002505e-14
CKG,B00341,way/3654,way/964676442,7.105427357601002e-15
CKG,B00342,way/4273,way/1265477699,7.105427357601002e-15
CKG,B00343,way/2008,way/812505989,1.4210854715202004e-14
CKG,B00344,way/4396,way/1313009236,1.4210854715202004e-14
CKG,B00345,way/3352,way/879581657,1.4210854715202004e-14
CKG,B00346,way/3247,way/867681470,1.0658141036401503e-14
CKG,B00347,way/404,way/486221636,3.552713678800501e-15
CKG,B00348,way/5080,way/1380818575,3.552713678800501e-15
CKG,B00349,way/2275,way/844864175,1.464821375527116e-14
CKG,B00350,way/4178,way/1263749042,7.105427357601002e-15
CKG,B00351,way/4218,way/1264146838,1.464821375527116e-14
CKG,B00352,way/5657,way/1458568276,1.4210854715202004e-14
CKG,B00353,way/4149,way/1244840656,1.4210854715202004e-14
CKG,B00354,way/279,way/312013641,3.552713678800501e-15
CKG,B00355,way/3841,way/1021402891,7.105427357601002e-15
CKG,B00356,way/5840,way/1486264353,3.552713678800501e-15
CKG,B00357,way/5267,way/1410724077,1.464821375527116e-14
CKG,B00358,way/2252,way/844864128,1.464821375527116e-14
CKG,B00359,way/5700,way/1470024187,1.464821375527116e-14
CKG,B00360,way/4115,way/1222778537,1.4210854715202004e-14
CKG,B00361,way/5709,way/1471886592,3.552713678800501e-15
CKG,B00362,way/3795,way/1013978080,1.464821375527116e-14
CKG,B00363,way/5481,way/1422714187,3.552713678800501e-15
CKG,B00364,way/5661,way/1463048518,1.0658141036401503e-14
CKG,B00365,way/3852,way/1027041549,1.4210854715202004e-14
CKG,B00366,way/6349,way/1546470201,1.5888218580782548e-14
CKG,B00367,way/6495,way/1548265799,0.0
CKG,B00368,way/297,way/397686002,1.0658141036401503e-14
CKG,B00369,way/259,way/279318834,1.5888218580782548e-14
CKG,B00370,way/2086,way/817818604,1.5888218580782548e-14
CKG,B00371,way/507,way/607831606,1.464821375527116e-14
CKG,B00372,way/502,way/607831598,1.0658141036401503e-14
CKG,B00373,way/5408,way/1414385179,3.552713678800501e-15
CKG,B00374,way/5413,way/1414385215,3.552713678800501e-15
CKG,B00375,way/5894,way/1491190244,1.4210854715202004e-14
CKG,B00376,way/6026,way/1496472607,1.464821375527116e-14
CKG,B00377,way/3771,way/1012964992,1.4210854715202004e-14
CKG,B00378,way/1744,way/809938920,1.4210854715202004e-14
CKG,B00379,way/1799,way/809943186,1.464821375527116e-14
CKG,B00380,way/2700,way/860214804,1.5888218580782548e-14
CKG,B00381,way/2829,way/860223128,7.105427357601002e-15
CKG,B00382,way/5449,way/1415417496,3.552713678800501e-15
CKG,B00383,way/2073,way/815550867,1.0658141036401503e-14
CKG,B00384,way/212,way/151492736,1.4210854715202004e-14
CKG,B00385,way/6068,way/1496945477,1.464821375527116e-14
CKG,B00386,way/5165,way/1391313547,1.4210854715202004e-14
CKG,B00387,way/3336,way/879418617,1.7763568394002505e-14
CKG,B00388,way/2869,way/865778136,1.5888218580782548e-14
CKG,B00389,way/5327,way/1412982314,7.105427357601002e-15
CKG,B00390,way/310,way/412488897,1.0658141036401503e-14
CKG,B00391,way/4512,way/1336751010,7.105427357601002e-15
CKG,B00392,way/5497,way/1427325872,7.105427357601002e-15
CKG,B00393,way/2146,way/843675792,1.0658141036401503e-14
CKG,B00394,way/153,way/150519113,1.4210854715202004e-14
CKG,B00395,way/5025,way/1376994937,1.464821375527116e-14
CKG,B00396,way/5034,way/1377794487,7.105427357601002e-15
CKG,B00397,way/2134,way/843663779,3.552713678800501e-15
CKG,B00398,way/3281,way/871948704,1.4210854715202004e-14
CKG,B00399,way/5315,way/1412977572,7.105427357601002e-15
CKG,B00400,way/2096,way/822304045,7.105427357601002e-15
CKG,B00401,way/4535,way/1336751035,7.105427357601002e-15
CKG,B00402,way/3586,way/945141370,1.4210854715202004e-14
CKG,B00403,way/4445,way/1314574493,1.5888218580782548e-14
CKG,B00404,way/5060,way/1379102419,1.4210854715202004e-14
CKG,B00405,way/1424,way/809248601,3.552713678800501e-15
CKG,B00406,way/6327,way/1545502199,1.5888218580782548e-14
CKG,B00407,way/1014,way/704025065,1.464821375527116e-14
CKG,B00408,way/613,way/704006719,1.4210854715202004e-14
CKG,B00409,way/1907,way/810336006,1.0658141036401503e-14
CKG,B00410,way/5484,way/1423507938,1.7763568394002505e-14
CKG,B00411,way/1364,way/770862779,7.105427357601002e-15
CKG,B00412,way/4094,way/1210855051,3.552713678800501e-15
CKG,B00413,way/3096,way/866199295,1.4210854715202004e-14
CKG,B00414,way/4935,way/1364030165,1.4210854715202004e-14
CKG,B00415,way/1057,way/704025108,7.105427357601002e-15
CKG,B00416,way/2417,way/846585415,7.105427357601002e-15
CKG,B00417,way/2522,way/846586987,1.0658141036401503e-14
CKG,B00418,way/3039,way/866088596,7.105427357601002e-15
CKG,B00419,way/1852,way/810049732,1.5888218580782548e-14
CKG,B00420,way/5577,way/1448206057,1.5888218580782548e-14
CKG,B00421,way/5609,way/1451018862,3.552713678800501e-15
CKG,B00422,way/4434,way/1314540049,1.5888218580782548e-14
CKG,B00423,way/288,way/318715413,1.464821375527116e-14
CKG,B00424,way/2384,way/846540447,2.0097183471152322e-14
CKG,B00425,way/2346,way/846536507,3.552713678800501e-15
CKG,B00426,way/1587,way/809715454,1.5888218580782548e-14
CKG,B00427,way/5084,way/1381166532,3.552713678800501e-15
CKG,B00428,way/5203,way/1408811123,7.105427357601002e-15
CKG,B00429,way/4270,way/1265477696,1.4210854715202004e-14
CKG,B00430,way/4687,way/1350013462,1.4210854715202004e-14
CKG,B00431,way/4381,way/1312754610,1.5888218580782548e-14
CKG,B00432,way/5734,way/1480022731,1.5888218580782548e-14
CKG,B00433,way/3252,way/867681475,1.4210854715202004e-14
CKG,B00434,way/399,way/486221630,7.105427357601002e-15
CKG,B00435,way/5081,way/1380818576,1.4210854715202004e-14
CKG,B00436,way/2277,way/844864189,7.105427357601002e-15
CKG,B00437,way/4161,way/1259387987,1.5888218580782548e-14
CKG,B00438,way/4230,way/1264146854,1.464821375527116e-14
CKG,B00439,way/2018,way/812506005,1.4210854715202004e-14
CKG,B00440,way/4621,way/1344547227,7.105427357601002e-15
CKG,B00441,way/1218,way/705753865,1.0658141036401503e-14
CKG,B00442,way/5824,way/1486264324,3.552713678800501e-15
CKG,B00443,way/5839,way/1486264352,1.0658141036401503e-14
CKG,B00444,way/5291,way/1410724101,1.0658141036401503e-14
CKG,B00445,way/2267,way/844864167,7.105427357601002e-15
CKG,B00446,way/5701,way/1470024190,1.464821375527116e-14
CKG,B00447,way/4118,way/1222934793,3.552713678800501e-15
CKG,B00448,way/5613,way/1451025718,1.4210854715202004e-14
CKG,B00449,way/560,way/673531496,7.105427357601002e-15
CKG,B00450,way/4148,way/1244840654,7.105427357601002e-15
CKG,B00451,way/283,way/312014342,7.105427357601002e-15
CKG,B00452,way/2837,way/863985660,1.7763568394002505e-14
CKG,B00453,way/6205,way/1530606986,1.464821375527116e-14
CKG,B00454,way/6485,way/1548265784,1.0658141036401503e-14
CKG,B00455,way/3864,way/1035898118,1.4210854715202004e-14
CKG,B00456,way/250,way/279318819,2.0097183471152322e-14
CKG,B00457,way/2089,way/817818607,1.464821375527116e-14
CKG,B00458,way/500,way/607831596,1.5888218580782548e-14
CKG,B00459,way/5422,way/1414385225,1.464821375527116e-14
CKG,B00460,way/6635,way/1551680000,7.105427357601002e-15
CKG,B00461,way/5989,way/1493931071,3.552713678800501e-15
CKG,B00462,way/3731,way/1012807393,1.0658141036401503e-14
CKG,B00463,way/3075,way/866088643,1.4210854715202004e-14
CKG,B00464,way/1761,way/809941605,7.105427357601002e-15
CKG,B00465,way/2806,way/860223105,1.0658141036401503e-14
CKG,B00466,way/2711,way/860214815,1.4210854715202004e-14
CKG,B00467,way/111,way/49183587,1.0658141036401503e-14
CKG,B00468,way/2078,way/815550874,1.4210854715202004e-14
CKG,B00469,way/5996,way/1495852445,7.105427357601002e-15
CKG,B00470,way/6076,way/1496945485,1.0658141036401503e-14
CKG,B00471,way/5168,way/1391313550,3.552713678800501e-15
CKG,B00472,way/3240,way/866246166,1.4210854715202004e-14
CKG,B00473,way/3208,way/866244736,1.5888218580782548e-14
CKG,B00474,way/1300,way/708016478,1.0658141036401503e-14
CKG,B00475,way/229,way/230692053,1.0658141036401503e-14
CKG,B00476,way/4561,way/1336751067,1.0658141036401503e-14
CKG,B00477,way/4335,way/1295720781,1.4210854715202004e-14
CKG,B00478,way/3371,way/881210959,1.0658141036401503e-14
CKG,B00479,way/145,way/150515814,1.0658141036401503e-14
CKG,B00480,way/5024,way/1376991675,7.105427357601002e-15
CKG,B00481,way/2225,way/844055033,1.0658141036401503e-14
CKG,B00482,way/2137,way/843663782,1.464821375527116e-14
CKG,B00483,way/1241,way/706245656,1.4210854715202004e-14
CKG,B00484,way/5318,way/1412977575,1.0658141036401503e-14
CKG,B00485,way/339,way/412742039,1.464821375527116e-14
CKG,B00486,way/4542,way/1336751048,7.105427357601002e-15
CKG,B00487,way/3896,way/1073321574,7.105427357601002e-15
CKG,B00488,way/5197,way/1408240210,1.4210854715202004e-14
CKG,B00489,way/5399,way/1413520152,3.552713678800501e-15
CKG,B00490,way/1422,way/809248595,3.552713678800501e-15
CKG,B00491,way/826,way/704009315,3.552713678800501e-15
CKG,B00492,way/4497,way/1335306670,1.5888218580782548e-14
CKG,B00493,way/1496,way/809273597,7.105427357601002e-15
CKG,B00494,way/3055,way/866088618,3.552713678800501e-15
CKG,B00495,way/411,way/568985367,1.0658141036401503e-14
CKG,B00496,way/3669,way/996081608,1.464821375527116e-14
CKG,B00497,way/3944,way/1076162188,1.464821375527116e-14
CKG,B00498,way/4774,way/1351846856,1.464821375527116e-14
CKG,B00499,way/4706,way/1350374654,7.105427357601002e-15
CKG,B00500,way/3461,way/923729938,1.5888218580782548e-14
CKG,B00501,way/2334,way/846213891,7.105427357601002e-15
CKG,B00502,way/2672,way/847288621,1.464821375527116e-14
CKG,B00503,way/3035,way/866088589,3.552713678800501e-15
CKG,B00504,way/3491,way/923822582,1.464821375527116e-14
CKG,B00505,way/83,relation/19802329,1.464821375527116e-14
CKG,B00506,way/3908,way/1076162144,3.552713678800501e-15
CKG,B00507,way/4355,way/1303852186,1.5888218580782548e-14
CKG,B00508,way/220,way/229877530,1.0658141036401503e-14
CKG,B00509,way/2634,way/847119998,7.105427357601002e-15
CKG,B00510,way/3437,way/923693615,1.4210854715202004e-14
CKG,B00511,way/1573,way/809715428,1.4210854715202004e-14
CKG,B00512,way/4135,way/1240687249,7.105427357601002e-15
CKG,B00513,way/5211,way/1408811131,1.464821375527116e-14
CKG,B00514,way/4275,way/1265482231,1.7763568394002505e-14
CKG,B00515,way/4205,way/1264124051,1.4210854715202004e-14
CKG,B00516,way/4692,way/1350013467,1.4210854715202004e-14
CKG,B00517,way/5736,way/1480022733,1.464821375527116e-14
CKG,B00518,way/5738,way/1480022735,1.464821375527116e-14
CKG,B00519,way/400,way/486221631,1.464821375527116e-14
CKG,B00520,way/5542,way/1430557570,1.5888218580782548e-14
CKG,B00521,way/2276,way/844864188,1.0658141036401503e-14
CKG,B00522,way/4183,way/1263749047,1.464821375527116e-14
CKG,B00523,way/4215,way/1264124061,1.5888218580782548e-14
CKG,B00524,way/2016,way/812506003,2.0097183471152322e-14
CKG,B00525,way/5625,way/1451028370,1.5888218580782548e-14
CKG,B00526,way/5112,way/1387439280,3.552713678800501e-15
CKG,B00527,way/5347,way/1413006341,1.4210854715202004e-14
CKG,B00528,way/6176,way/1524359653,1.5888218580782548e-14
CKG,B00529,way/5466,way/1416558197,1.464821375527116e-14
CKG,B00530,way/2253,way/844864140,1.7763568394002505e-14
CKG,B00531,way/4121,way/1222934804,1.0658141036401503e-14
CKG,B00532,way/5705,way/1471886588,2.0097183471152322e-14
CKG,B00533,way/557,way/673526707,7.105427357601002e-15
CKG,B00534,way/5649,way/1458330716,7.105427357601002e-15
CKG,B00535,way/4257,way/1264794415,1.0658141036401503e-14
CKG,B00536,way/2841,way/863985667,7.105427357601002e-15
CKG,B00537,way/6390,way/1546470289,1.4210854715202004e-14
CKG,B00538,way/6584,way/1549860124,1.4210854715202004e-14
CKG,B00539,way/3877,way/1037924320,1.4210854715202004e-14
CKG,B00540,way/5477,way/1417604568,1.464821375527116e-14
CKG,B00541,way/4322,way/1281925792,7.105427357601002e-15
CKG,B00542,way/503,way/607831602,1.4210854715202004e-14
CKG,B00543,way/5416,way/1414385219,1.0658141036401503e-14
CKG,B00544,way/5862,way/1488614127,7.105427357601002e-15
CKG,B00545,way/6011,way/1496472588,1.464821375527116e-14
CKG,B00546,way/3963,way/1082244697,7.105427357601002e-15
CKG,B00547,way/1714,way/809935703,7.105427357601002e-15
CKG,B00548,way/3142,way/866205358,1.4210854715202004e-14
CKG,B00549,way/2822,way/860223121,1.0658141036401503e-14
CKG,B00550,way/2723,way/860214827,7.105427357601002e-15
CKG,B00551,way/80,relation/19361542,1.7763568394002505e-14
CKG,B00552,way/4411,way/1313206822,7.105427357601002e-15
CKG,B00553,way/4471,way/1325080826,7.105427357601002e-15
CKG,B00554,way/6071,way/1496945480,1.5888218580782548e-14
CKG,B00555,way/5719,way/1478490302,7.105427357601002e-15
CKG,B00556,way/3337,way/879418618,1.5888218580782548e-14
CKG,B00557,way/2924,way/865780460,3.552713678800501e-15
CKG,B00558,way/243,way/249648431,1.4210854715202004e-14
CKG,B00559,way/311,way/412488898,1.5888218580782548e-14
CKG,B00560,way/4502,way/1336360619,1.0658141036401503e-14
CKG,B00561,way/4336,way/1295720782,1.4210854715202004e-14
CKG,B00562,way/3363,way/881210946,3.552713678800501e-15
CKG,B00563,way/143,way/150515523,3.552713678800501e-15
CKG,B00564,way/2046,way/813856047,7.105427357601002e-15
CKG,B00565,way/2222,way/844055028,1.464821375527116e-14
CKG,B00566,way/2138,way/843663783,1.4210854715202004e-14
CKG,B00567,way/5331,way/1412982318,1.464821375527116e-14
CKG,B00568,way/5322,way/1412977579,3.552713678800501e-15
CKG,B00569,way/335,way/412742035,1.4210854715202004e-14
CKG,B00570,way/4537,way/1336751037,1.4210854715202004e-14
CKG,B00571,way/3893,way/1073321571,1.0658141036401503e-14
CKG,B00572,way/4444,way/1314574490,7.105427357601002e-15
CKG,B00573,way/3846,way/1026451682,7.105427357601002e-15
CKG,B00574,way/5005,way/1375058196,3.552713678800501e-15
CKG,B00575,way/872,way/704009365,3.552713678800501e-15
CKG,B00576,way/651,way/704006759,3.552713678800501e-15
CKG,B00577,way/1435,way/809271253,1.0658141036401503e-14
CKG,B00578,way/41,relation/11821438,1.0658141036401503e-14
CKG,B00579,way/5486,way/1423507940,3.552713678800501e-15
CKG,B00580,way/1361,way/770862775,1.4210854715202004e-14
CKG,B00581,way/3943,way/1076162187,3.552713678800501e-15
CKG,B00582,way/5127,way/1389246683,1.0658141036401503e-14
CKG,B00583,way/4875,way/1360091951,1.5888218580782548e-14
CKG,B00584,way/1179,way/704025240,1.0658141036401503e-14
CKG,B00585,way/654,way/704006763,1.4210854715202004e-14
CKG,B00586,way/1529,way/809713476,7.105427357601002e-15
CKG,B00587,way/1343,way/749140113,7.105427357601002e-15
CKG,B00588,way/1858,way/810049738,7.105427357601002e-15
CKG,B00589,way/3919,way/1076162156,7.105427357601002e-15
CKG,B00590,way/3117,way/866199365,1.0658141036401503e-14
CKG,B00591,way/239,way/230707711,7.105427357601002e-15
CKG,B00592,way/2639,way/847120004,1.4210854715202004e-14
CKG,B00593,way/3301,way/879302283,3.552713678800501e-15
CKG,B00594,way/5639,way/1453572943,3.552713678800501e-15
CKG,B00595,way/3412,way/923516022,1.0658141036401503e-14
CKG,B00596,way/5204,way/1408811124,1.464821375527116e-14
CKG,B00597,way/4269,way/1265477695,7.105427357601002e-15
CKG,B00598,way/5600,way/1450997285,1.0658141036401503e-14
CKG,B00599,way/4378,way/1312754604,1.464821375527116e-14
CKG,B00600,way/5790,way/1484466438,1.7763568394002505e-14
CKG,B00601,way/3250,way/867681473,1.4210854715202004e-14
CKG,B00602,way/4130,way/1228232599,1.4210854715202004e-14
CKG,B00603,way/5518,way/1430549156,1.5888218580782548e-14
CKG,B00604,way/4098,way/1211006652,3.552713678800501e-15
CKG,B00605,way/4188,way/1263749055,7.105427357601002e-15
CKG,B00606,way/4237,way/1264146863,1.4210854715202004e-14
CKG,B00607,way/3572,way/925597093,7.105427357601002e-15
CKG,B00608,way/5624,way/1451028369,7.105427357601002e-15
CKG,B00609,way/4132,way/1228232601,1.0658141036401503e-14
CKG,B00610,way/5377,way/1413006372,1.4210854715202004e-14
CKG,B00611,way/2836,way/863985659,1.5888218580782548e-14
CKG,B00612,way/5220,way/1410708574,1.4210854715202004e-14
CKG,B00613,way/2248,way/844864124,7.105427357601002e-15
CKG,B00614,way/4102,way/1222778474,1.5888218580782548e-14
CKG,B00615,way/5633,way/1451953960,1.5888218580782548e-14
CKG,B00616,way/4141,way/1244840643,7.105427357601002e-15
CKG,B00617,way/5762,way/1483736273,1.5888218580782548e-14
CKG,B00618,way/3443,way/923695344,7.105427357601002e-15
CKG,B00619,way/2838,way/863985661,1.7763568394002505e-14
CKG,B00620,way/6308,way/1545428194,7.105427357601002e-15
CKG,B00621,way/6468,way/1548265757,1.464821375527116e-14
CKG,B00622,way/3869,way/1035898123,1.5888218580782548e-14
CKG,B00623,way/3819,way/1018995920,1.4210854715202004e-14
CKG,B00624,way/2093,way/817818611,1.464821375527116e-14
CKG,B00625,way/5950,way/1491286186,7.105427357601002e-15
CKG,B00626,way/5415,way/1414385217,3.552713678800501e-15
CKG,B00627,way/3000,way/866076052,1.4210854715202004e-14
CKG,B00628,way/5971,way/1493887653,1.7763568394002505e-14
CKG,B00629,way/3725,way/1012807387,7.105427357601002e-15
CKG,B00630,way/3078,way/866088646,1.4210854715202004e-14
CKG,B00631,way/3138,way/866205328,7.105427357601002e-15
CKG,B00632,way/33,relation/11765107,1.0658141036401503e-14
CKG,B00633,way/79,relation/19355181,1.5888218580782548e-14
CKG,B00634,way/6201,way/1527185298,1.4210854715202004e-14
CKG,B00635,way/4405,way/1313206814,7.105427357601002e-15
CKG,B00636,way/4479,way/1325600506,1.4210854715202004e-14
CKG,B00637,way/6080,way/1496945491,1.464821375527116e-14
CKG,B00638,way/5183,way/1391313567,3.552713678800501e-15
CKG,B00639,way/3335,way/879418613,1.7763568394002505e-14
CKG,B00640,way/3219,way/866246145,1.464821375527116e-14
CKG,B00641,way/1299,way/708016477,1.4210854715202004e-14
CKG,B00642,way/3873,way/1036182344,1.464821375527116e-14
CKG,B00643,way/4513,way/1336751011,3.552713678800501e-15
CKG,B00644,way/81,relation/19568002,1.464821375527116e-14
CKG,B00645,way/3361,way/881210944,1.464821375527116e-14
CKG,B00646,way/3368,way/881210954,1.464821375527116e-14
CKG,B00647,way/290,way/332432108,7.105427357601002e-15
CKG,B00648,way/2238,way/844055058,1.464821375527116e-14
CKG,B00649,way/2871,way/865780397,1.5888218580782548e-14
CKG,B00650,way/3282,way/871948705,1.4210854715202004e-14
CKG,B00651,way/5319,way/1412977576,3.552713678800501e-15
CKG,B00652,way/342,way/412742045,1.5888218580782548e-14
CKG,B00653,way/369,way/483883674,1.4210854715202004e-14
CKG,B00654,way/3670,way/996081611,3.552713678800501e-15
CKG,B00655,way/4446,way/1314574494,1.0658141036401503e-14
CKG,B00656,way/3608,way/951618544,3.552713678800501e-15
CKG,B00657,way/4730,way/1351204111,3.552713678800501e-15
CKG,B00658,way/2102,way/834576553,7.105427357601002e-15
CKG,B00659,way/4674,way/1348500543,3.552713678800501e-15
CKG,B00660,way/793,way/704006935,3.552713678800501e-15
CKG,B00661,way/1839,way/810049701,1.4210854715202004e-14
CKG,B00662,way/1359,way/770862771,1.0658141036401503e-14
CKG,B00663,way/4096,way/1210855066,1.4210854715202004e-14
CKG,B00664,way/4881,way/1360325971,1.464821375527116e-14
CKG,B00665,way/4902,way/1361452184,1.464821375527116e-14
CKG,B00666,way/3473,way/923738534,1.464821375527116e-14
CKG,B00667,way/3628,way/960057259,7.105427357601002e-15
CKG,B00668,way/1543,way/809713492,1.5888218580782548e-14
CKG,B00669,way/1338,way/748910921,3.552713678800501e-15
CKG,B00670,way/3524,way/923822617,7.105427357601002e-15
CKG,B00671,way/3107,way/866199353,1.4210854715202004e-14
CKG,B00672,way/4356,way/1303852187,1.464821375527116e-14
CKG,B00673,way/1976,way/810470866,1.464821375527116e-14
CKG,B00674,way/1985,way/810470877,1.464821375527116e-14
CKG,B00675,way/5499,way/1430301245,1.0658141036401503e-14
CKG,B00676,way/5058,way/1378918763,1.4210854715202004e-14
CKG,B00677,way/3394,way/923515154,1.0658141036401503e-14
CKG,B00678,way/5095,way/1383565822,1.4210854715202004e-14
CKG,B00679,way/5123,way/1388934244,1.4210854715202004e-14
CKG,B00680,way/4202,way/1264124048,1.4210854715202004e-14
CKG,B00681,way/2012,way/812505996,1.4210854715202004e-14
CKG,B00682,way/3355,way/879581660,1.4210854715202004e-14
CKG,B00683,way/3248,way/867681471,1.464821375527116e-14
CKG,B00684,way/405,way/486221637,1.0658141036401503e-14
CKG,B00685,way/5082,way/1380818577,1.0658141036401503e-14
CKG,B00686,way/4097,way/1211006651,3.552713678800501e-15
CKG,B00687,way/4278,way/1265482234,1.5888218580782548e-14
CKG,B00688,way/4031,way/1182287753,3.552713678800501e-15
CKG,B00689,way/5658,way/1458568277,1.4210854715202004e-14
CKG,B00690,way/4620,way/1344547226,1.4210854715202004e-14
CKG,B00691,way/5109,way/1387439277,1.4210854715202004e-14
CKG,B00692,way/5829,way/1486264329,7.105427357601002e-15
CKG,B00693,way/5838,way/1486264351,1.0658141036401503e-14
CKG,B00694,way/5259,way/1410724059,1.464821375527116e-14
CKG,B00695,way/2288,way/844866303,1.464821375527116e-14
CKG,B00696,way/4119,way/1222934794,1.4210854715202004e-14
CKG,B00697,way/410,way/543822627,1.4210854715202004e-14
CKG,B00698,way/542,way/673526692,1.0658141036401503e-14
CKG,B00699,way/5646,way/1458328831,7.105427357601002e-15
CKG,B00700,way/282,way/312014095,1.4210854715202004e-14
CKG,B00701,way/6395,way/1546543296,1.464821375527116e-14
CKG,B00702,way/6452,way/1548265711,1.4210854715202004e-14
CKG,B00703,way/4019,way/1171105173,1.464821375527116e-14
CKG,B00704,way/3715,way/1011268639,1.4210854715202004e-14
CKG,B00705,way/4940,way/1368998236,3.552713678800501e-15
CKG,B00706,way/4462,way/1322823593,1.7763568394002505e-14
CKG,B00707,way/5421,way/1414385224,1.464821375527116e-14
CKG,B00708,way/5892,way/1491190242,1.4210854715202004e-14
CKG,B00709,way/6160,way/1501055291,1.4210854715202004e-14
CKG,B00710,way/3737,way/1012807399,1.0658141036401503e-14
CKG,B00711,way/1806,way/809943197,1.464821375527116e-14
CKG,B00712,way/1762,way/809941606,1.5888218580782548e-14
CKG,B00713,way/2814,way/860223113,7.105427357601002e-15
CKG,B00714,way/2740,way/860214845,7.105427357601002e-15
CKG,B00715,way/5462,way/1415425773,1.0658141036401503e-14
CKG,B00716,way/2077,way/815550873,1.4210854715202004e-14
CKG,B00717,way/5090,way/1382587623,1.5888218580782548e-14
CKG,B00718,way/6063,way/1496945472,7.105427357601002e-15
CKG,B00719,way/5173,way/1391313555,1.464821375527116e-14
CKG,B00720,way/3660,way/969287948,7.105427357601002e-15
CKG,B00721,way/3193,way/866244721,7.105427357601002e-15
CKG,B00722,way/1323,way/708023019,1.5888218580782548e-14
CKG,B00723,way/4609,way/1336984515,1.0658141036401503e-14
CKG,B00724,way/4518,way/1336751016,1.4210854715202004e-14
CKG,B00725,way/4334,way/1295720780,1.4210854715202004e-14
CKG,B00726,way/4060,way/1188333868,1.4210854715202004e-14
CKG,B00727,way/195,way/150589956,7.105427357601002e-15
CKG,B00728,way/2233,way/844055053,1.464821375527116e-14
CKG,B00729,way/28,relation/11578726,1.464821375527116e-14
CKG,B00730,way/2880,way/865780406,3.552713678800501e-15
CKG,B00731,way/3285,way/871948708,3.552713678800501e-15
CKG,B00732,way/5340,way/1412982329,7.105427357601002e-15
CKG,B00733,way/5303,way/1412977560,1.5888218580782548e-14
CKG,B00734,way/432,way/582460711,1.0658141036401503e-14
CKG,B00735,way/5675,way/1465785272,1.4210854715202004e-14
CKG,B00736,way/4443,way/1314574489,1.0658141036401503e-14
CKG,B00737,way/5063,way/1379102424,1.0658141036401503e-14
CKG,B00738,way/450,way/583427210,1.464821375527116e-14
CKG,B00739,way/5554,way/1441920507,1.0658141036401503e-14
CKG,B00740,way/1018,way/704025069,1.0658141036401503e-14
CKG,B00741,way/2179,way/843677822,7.105427357601002e-15
CKG,B00742,way/3053,way/866088616,3.552713678800501e-15
CKG,B00743,way/3932,way/1076162173,1.4210854715202004e-14
CKG,B00744,way/5129,way/1389246685,1.4210854715202004e-14
CKG,B00745,way/4732,way/1351204114,1.4210854715202004e-14
CKG,B00746,way/1039,way/704025090,1.0658141036401503e-14
CKG,B00747,way/2322,way/846213877,7.105427357601002e-15
CKG,B00748,way/1512,way/809713457,1.0658141036401503e-14
CKG,B00749,way/3027,way/866088579,1.4210854715202004e-14
CKG,B00750,way/3537,way/923822630,3.552713678800501e-15
CKG,B00751,way/4362,way/1303855679,7.105427357601002e-15
CKG,B00752,way/358,way/441092380,1.5888218580782548e-14
CKG,B00753,way/3317,way/879302305,7.105427357601002e-15
CKG,B00754,way/5501,way/1430301247,1.4210854715202004e-14
CKG,B00755,way/1576,way/809715437,1.464821375527116e-14
CKG,B00756,way/5544,way/1430576437,7.105427357601002e-15
CKG,B00757,way/5094,way/1383565816,1.5888218580782548e-14
CKG,B00758,way/4268,way/1265477694,1.4210854715202004e-14
CKG,B00759,way/4264,way/1265477686,1.464821375527116e-14
CKG,B00760,way/1374,way/803089243,1.5888218580782548e-14
CKG,B00761,way/3354,way/879581659,7.105427357601002e-15
CKG,B00762,way/5740,way/1480022737,3.552713678800501e-15
CKG,B00763,way/4298,way/1266419754,1.5888218580782548e-14
CKG,B00764,way/5088,way/1381166544,7.105427357601002e-15
CKG,B00765,way/4162,way/1259387988,1.5888218580782548e-14
CKG,B00766,way/3799,way/1014548067,3.552713678800501e-15
CKG,B00767,way/5650,way/1458568269,7.105427357601002e-15
CKG,B00768,way/4619,way/1344547225,7.105427357601002e-15
CKG,B00769,way/4131,way/1228232600,1.464821375527116e-14
CKG,B00770,way/5386,way/1413006381,1.4210854715202004e-14
CKG,B00771,way/2833,way/863985656,7.105427357601002e-15
CKG,B00772,way/5227,way/1410708588,1.4210854715202004e-14
CKG,B00773,way/2259,way/844864146,1.0658141036401503e-14
CKG,B00774,way/4110,way/1222778484,1.4210854715202004e-14
CKG,B00775,way/5692,way/1467751520,1.7763568394002505e-14
CKG,B00776,way/3798,way/1013978101,7.105427357601002e-15
CKG,B00777,way/5482,way/1422714188,3.552713678800501e-15
CKG,B00778,way/3452,way/923695353,7.105427357601002e-15
CKG,B00779,way/6371,way/1546470256,1.4210854715202004e-14
CKG,B00780,way/6509,way/1548265825,1.4210854715202004e-14
CKG,B00781,way/3879,way/1037924323,1.464821375527116e-14
CKG,B00782,way/93,relation/20233524,1.5888218580782548e-14
CKG,B00783,way/4946,way/1371046773,1.5888218580782548e-14
CKG,B00784,way/508,way/607831607,7.105427357601002e-15
CKG,B00785,way/5438,way/1414667850,3.552713678800501e-15
CKG,B00786,way/5800,way/1485396915,3.552713678800501e-15
CKG,B00787,way/6008,way/1496472585,1.464821375527116e-14
CKG,B00788,way/3747,way/1012807411,1.4210854715202004e-14
CKG,B00789,way/1700,way/809935662,1.4210854715202004e-14
CKG,B00790,way/5733,way/1479596314,1.4210854715202004e-14
CKG,B00791,way/2704,way/860214808,1.464821375527116e-14
CKG,B00792,way/2722,way/860214826,1.0658141036401503e-14
CKG,B00793,way/5450,way/1415417499,7.105427357601002e-15
CKG,B00794,way/4416,way/1313206829,1.464821375527116e-14
CKG,B00795,way/4480,way/1325600507,1.464821375527116e-14
CKG,B00796,way/122,way/78389266,1.0658141036401503e-14
CKG,B00797,way/5185,way/1391313570,7.105427357601002e-15
CKG,B00798,way/3339,way/879418620,7.105427357601002e-15
CKG,B00799,way/2920,way/865780456,1.464821375527116e-14
CKG,B00800,way/1256,way/707842555,1.0658141036401503e-14
CKG,B00801,way/232,way/230692063,1.0658141036401503e-14
CKG,B00802,way/4559,way/1336751065,7.105427357601002e-15
CKG,B00803,way/4007,way/1157849299,1.4210854715202004e-14
CKG,B00804,way/3364,way/881210950,7.105427357601002e-15
CKG,B00805,way/139,way/150513177,1.4210854715202004e-14
CKG,B00806,way/2036,way/813856034,7.105427357601002e-15
CKG,B00807,way/2216,way/844055021,7.105427357601002e-15
CKG,B00808,way/5592,way/1449436482,7.105427357601002e-15
CKG,B00809,way/1243,way/706245658,1.0658141036401503e-14
CKG,B00810,way/2028,way/813765964,1.5888218580782548e-14
CKG,B00811,way/516,way/635792810,3.552713678800501e-15
CKG,B00812,way/3894,way/1073321572,1.5888218580782548e-14
CKG,B00813,way/3901,way/1073330543,1.0658141036401503e-14
CKG,B00814,way/5402,way/1413520162,1.464821375527116e-14
CKG,B00815,way/5003,way/1375058194,1.4210854715202004e-14
CKG,B00816,way/1052,way/704025103,7.105427357601002e-15
CKG,B00817,way/6290,way/1539442123,1.4210854715202004e-14
CKG,B00818,way/1476,way/809273572,1.4210854715202004e-14
CKG,B00819,way/3054,way/866088617,3.552713678800501e-15
CKG,B00820,way/3933,way/1076162174,7.105427357601002e-15
CKG,B00821,way/4788,way/1353683585,7.105427357601002e-15
CKG,B00822,way/65,relation/18367485,1.0658141036401503e-14
CKG,B00823,way/1137,way/704025198,7.105427357601002e-15
CKG,B00824,way/2406,way/846585394,1.4210854715202004e-14
CKG,B00825,way/1506,way/809713449,1.464821375527116e-14
CKG,B00826,way/4152,way/1255198717,7.105427357601002e-15
CKG,B00827,way/3541,way/923822634,1.464821375527116e-14
CKG,B00828,way/4439,way/1314540060,1.0658141036401503e-14
CKG,B00829,way/219,way/229877529,1.5888218580782548e-14
CKG,B00830,way/1613,way/809885276,7.105427357601002e-15
CKG,B00831,way/2355,way/846536516,1.464821375527116e-14
CKG,B00832,way/1571,way/809715426,1.4210854715202004e-14
CKG,B00833,way/3407,way/923515187,1.464821375527116e-14
CKG,B00834,way/5200,way/1408811115,1.464821375527116e-14
CKG,B00835,way/5125,way/1388934246,7.105427357601002e-15
CKG,B00836,way/4658,way/1348425686,7.105427357601002e-15
CKG,B00837,way/4386,way/1312754616,1.5888218580782548e-14
CKG,B00838,way/5792,way/1484466440,7.105427357601002e-15
CKG,B00839,way/3242,way/867681460,1.5888218580782548e-14
CKG,B00840,way/407,way/486221639,7.105427357601002e-15
CKG,B00841,way/5075,way/1380818541,1.4210854715202004e-14
CKG,B00842,way/4176,way/1263749040,7.105427357601002e-15
CKG,B00843,way/2004,way/812505980,1.4210854715202004e-14
CKG,B00844,way/5652,way/1458568271,1.0658141036401503e-14
CKG,B00845,way/5629,way/1451028374,3.552713678800501e-15
CKG,B00846,way/5115,way/1387439283,1.464821375527116e-14
CKG,B00847,way/3842,way/1021584373,7.105427357601002e-15
CKG,B00848,way/6174,way/1524359645,7.105427357601002e-15
CKG,B00849,way/5250,way/1410724042,7.105427357601002e-15
CKG,B00850,way/2268,way/844864168,7.105427357601002e-15
CKG,B00851,way/4116,way/1222778538,1.4210854715202004e-14
CKG,B00852,way/5557,way/1442100036,1.4210854715202004e-14
CKG,B00853,way/3783,way/1013951939,7.105427357601002e-15
CKG,B00854,way/5764,way/1483736275,1.464821375527116e-14
CKG,B00855,way/4249,way/1264794405,3.552713678800501e-15
CKG,B00856,way/6385,way/1546470281,1.4210854715202004e-14
CKG,B00857,way/6534,way/1548265866,1.0658141036401503e-14
CKG,B00858,way/3759,way/1012964980,1.0658141036401503e-14
CKG,B00859,way/5478,way/1417604575,1.5888218580782548e-14
CKG,B00860,way/2092,way/817818610,1.464821375527116e-14
CKG,B00861,way/437,way/583110854,1.4210854715202004e-14
CKG,B00862,way/5417,way/1414385220,1.0658141036401503e-14
CKG,B00863,way/6664,way/1551680041,7.105427357601002e-15
CKG,B00864,way/6151,way/1501055282,7.105427357601002e-15
CKG,B00865,way/6113,way/1497051955,1.0658141036401503e-14
CKG,B00866,way/1702,way/809935664,1.464821375527116e-14
CKG,B00867,way/1800,way/809943187,1.4210854715202004e-14
CKG,B00868,way/2813,way/860223112,7.105427357601002e-15
CKG,B00869,way/2761,way/860214866,7.105427357601002e-15
CKG,B00870,way/5456,way/1415417509,7.105427357601002e-15
CKG,B00871,way/2075,way/815550871,2.0097183471152322e-14
CKG,B00872,way/4476,way/1325231035,1.4210854715202004e-14
CKG,B00873,way/514,way/630755817,7.105427357601002e-15
CKG,B00874,way/5139,way/1391155002,7.105427357601002e-15
CKG,B00875,way/3210,way/866244739,1.464821375527116e-14
CKG,B00876,way/2917,way/865780445,7.105427357601002e-15
CKG,B00877,way/1284,way/708016462,1.4210854715202004e-14
CKG,B00878,way/2097,way/822872543,7.105427357601002e-15
CKG,B00879,way/3815,way/1018381405,1.464821375527116e-14
CKG,B00880,way/4333,way/1295720779,1.4210854715202004e-14
CKG,B00881,way/3365,way/881210951,1.4210854715202004e-14
CKG,B00882,way/165,way/150578876,7.105427357601002e-15
CKG,B00883,way/512,way/619719000,1.4210854715202004e-14
CKG,B00884,way/29,relation/11578727,1.5888218580782548e-14
CKG,B00885,way/2849,way/865778090,1.7763568394002505e-14
CKG,B00886,way/6199,way/1527185286,3.552713678800501e-15
CKG,B00887,way/5316,way/1412977573,1.4210854715202004e-14
CKG,B00888,way/340,way/412742041,1.4210854715202004e-14
CKG,B00889,way/3895,way/1073321573,1.5888218580782548e-14
CKG,B00890,way/5397,way/1413520150,1.0658141036401503e-14
CKG,B00891,way/476,way/583628683,7.105427357601002e-15
CKG,B00892,way/3386,way/888485339,1.464821375527116e-14
CKG,B00893,way/688,way/704006798,3.552713678800501e-15
CKG,B00894,way/225,way/230583760,7.105427357601002e-15
CKG,B00895,way/5681,way/1466531389,1.464821375527116e-14
CKG,B00896,way/1373,way/803083006,7.105427357601002e-15
CKG,B00897,way/4775,way/1351846857,1.0658141036401503e-14
CKG,B00898,way/1157,way/704025218,1.464821375527116e-14
CKG,B00899,way/2312,way/846213867,1.5888218580782548e-14
CKG,B00900,way/782,way/704006920,7.105427357601002e-15
CKG,B00901,way/1821,way/810032664,7.105427357601002e-15
CKG,B00902,way/3545,way/923822638,7.105427357601002e-15
CKG,B00903,way/4437,way/1314540054,7.105427357601002e-15
CKG,B00904,way/235,way/230707703,1.0658141036401503e-14
CKG,B00905,way/3295,way/879302277,1.464821375527116e-14
CKG,B00906,way/3312,way/879302294,1.4210854715202004e-14
CKG,B00907,way/397,way/486221628,7.105427357601002e-15
CKG,B00908,way/5526,way/1430557545,7.105427357601002e-15
CKG,B00909,way/5201,way/1408811119,1.464821375527116e-14
CKG,B00910,way/4271,way/1265477697,1.4210854715202004e-14
CKG,B00911,way/4311,way/1271966018,1.4210854715202004e-14
CKG,B00912,way/4394,way/1313009231,1.5888218580782548e-14
CKG,B00913,way/3349,way/879581651,1.4210854715202004e-14
CKG,B00914,way/5737,way/1480022734,1.464821375527116e-14
CKG,B00915,way/402,way/486221633,3.552713678800501e-15
CKG,B00916,way/5514,way/1430549152,1.464821375527116e-14
CKG,B00917,way/4277,way/1265482233,1.0658141036401503e-14
CKG,B00918,way/4284,way/1265717627,1.464821375527116e-14
CKG,B00919,way/5659,way/1458568279,1.4210854715202004e-14
CKG,B00920,way/1233,way/706084061,7.105427357601002e-15
CKG,B00921,way/1219,way/705753866,3.552713678800501e-15
CKG,B00922,way/5387,way/1413006382,1.0658141036401503e-14
CKG,B00923,way/6175,way/1524359652,1.0658141036401503e-14
CKG,B00924,way/5248,way/1410724040,3.552713678800501e-15
CKG,B00925,way/2249,way/844864125,1.0658141036401503e-14
CKG,B00926,way/4111,way/1222778485,1.464821375527116e-14
CKG,B00927,way/4388,way/1312775176,1.464821375527116e-14
CKG,B00928,way/537,way/673524991,7.105427357601002e-15
CKG,B00929,way/5647,way/1458328832,3.552713678800501e-15
CKG,B00930,way/4251,way/1264794407,7.105427357601002e-15
CKG,B00931,way/2934,way/866009633,7.105427357601002e-15
CKG,B00932,way/6514,way/1548265831,1.464821375527116e-14
CKG,B00933,way/3878,way/1037924322,1.4210854715202004e-14
CKG,B00934,way/120,way/76580534,1.4210854715202004e-14
CKG,B00935,way/4321,way/1281884718,1.464821375527116e-14
CKG,B00936,way/333,way/412677878,1.4210854715202004e-14
CKG,B00937,way/5418,way/1414385221,1.464821375527116e-14
CKG,B00938,way/2950,way/866076002,1.5888218580782548e-14
CKG,B00939,way/5991,way/1493931073,3.552713678800501e-15
CKG,B00940,way/3729,way/1012807391,1.464821375527116e-14
CKG,B00941,way/1785,way/809941630,1.5888218580782548e-14
CKG,B00942,way/3147,way/866205379,1.5888218580782548e-14
CKG,B00943,way/2794,way/860223093,7.105427357601002e-15
CKG,B00944,way/2729,way/860214833,1.0658141036401503e-14
CKG,B00945,way/5461,way/1415425772,1.4210854715202004e-14
CKG,B00946,way/4409,way/1313206820,1.0658141036401503e-14
CKG,B00947,way/4490,way/1330641074,1.4210854715202004e-14
CKG,B00948,way/515,way/630755819,7.105427357601002e-15
CKG,B00949,way/77,relation/19198933,1.464821375527116e-14
CKG,B00950,way/3212,way/866246138,1.464821375527116e-14
CKG,B00951,way/3155,way/866244656,2.0097183471152322e-14
CKG,B00952,way/1279,way/708016453,1.464821375527116e-14
CKG,B00953,way/309,way/412488896,1.0658141036401503e-14
CKG,B00954,way/4520,way/1336751018,1.464821375527116e-14
CKG,B00955,way/4005,way/1157849297,7.105427357601002e-15
CKG,B00956,way/3362,way/881210945,1.4210854715202004e-14
CKG,B00957,way/144,way/150515813,7.105427357601002e-15
CKG,B00958,way/2035,way/813856033,1.5888218580782548e-14
CKG,B00959,way/2217,way/844055022,1.5888218580782548e-14
CKG,B00960,way/2875,way/865780401,1.5888218580782548e-14
CKG,B00961,way/271,way/302764528,7.105427357601002e-15
CKG,B00962,way/3816,way/1018381407,3.552713678800501e-15
CKG,B00963,way/336,way/412742036,7.105427357601002e-15
CKG,B00964,way/5401,way/1413520154,3.552713678800501e-15
CKG,B00965,way/444,way/583427190,7.105427357601002e-15
CKG,B00966,way/858,way/704009350,7.105427357601002e-15
CKG,B00967,way/709,way/704006820,1.7763568394002505e-14
CKG,B00968,way/1671,way/809889618,1.464821375527116e-14
CKG,B00969,way/1956,way/810336060,2.0097183471152322e-14
CKG,B00970,way/5130,way/1389246686,1.464821375527116e-14
CKG,B00971,way/4711,way/1350374660,1.0658141036401503e-14
CKG,B00972,way/1167,way/704025228,1.464821375527116e-14
CKG,B00973,way/2544,way/847103445,1.0658141036401503e-14
CKG,B00974,way/5002,way/1375053754,1.4210854715202004e-14
CKG,B00975,way/3589,way/950181627,1.464821375527116e-14
CKG,B00976,way/3498,way/923822590,3.552713678800501e-15
CKG,B00977,way/4359,way/1303852212,1.0658141036401503e-14
CKG,B00978,way/5721,way/1478719215,7.105427357601002e-15
CKG,B00979,way/575,way/695015861,3.552713678800501e-15
CKG,B00980,way/6193,way/1524816199,1.0658141036401503e-14
CKG,B00981,way/5642,way/1453572949,3.552713678800501e-15
CKG,B00982,way/1814,way/810032642,1.4210854715202004e-14
CKG,B00983,way/5092,way/1383565798,1.464821375527116e-14
CKG,B00984,way/4274,way/1265477700,1.4210854715202004e-14
CKG,B00985,way/4198,way/1264124044,2.0097183471152322e-14
CKG,B00986,way/4343,way/1301271643,1.5888218580782548e-14
CKG,B00987,way/3343,way/879581645,1.4210854715202004e-14
CKG,B00988,way/3246,way/867681469,7.105427357601002e-15
CKG,B00989,way/5096,way/1385344375,1.0658141036401503e-14
CKG,B00990,way/5072,way/1380818538,1.0658141036401503e-14
CKG,B00991,way/4160,way/1259387986,7.105427357601002e-15
CKG,B00992,way/4227,way/1264146847,1.464821375527116e-14
CKG,B00993,way/5655,way/1458568274,1.4210854715202004e-14
CKG,B00994,way/5626,way/1451028371,1.5888218580782548e-14
CKG,B00995,way/6217,way/1531447139,1.4210854715202004e-14
CKG,B00996,way/5820,way/1486264320,1.4210854715202004e-14
CKG,B00997,way/5837,way/1486264350,7.105427357601002e-15
CKG,B00998,way/5465,way/1416558196,1.4210854715202004e-14
CKG,B00999,way/2271,way/844864171,1.5888218580782548e-14
CKG,B01000,way/3393,way/894448779,1.4210854715202004e-14
SHA,B00001,,way/541861216,
SHA,B00002,,way/862869843,
SHA,B00003,,way/862878683,
SHA,B00004,,way/863895528,
SHA,B00005,,way/1269024698,
SHA,B00006,,way/862247144,
SHA,B00007,,way/863175579,
SHA,B00008,,way/1229236426,
SHA,B00009,,way/1329562042,
SHA,B00010,,way/1234809102,
SHA,B00011,,way/861234527,
SHA,B00012,,way/862439368,
SHA,B00013,,way/694642618,
SHA,B00014,,way/372649262,
SHA,B00015,,way/1329385322,
SHA,B00016,,way/863176586,
SHA,B00017,,way/863176160,
SHA,B00018,,way/1295950661,
SHA,B00019,,way/1234598329,
SHA,B00020,,way/461849958,
SHA,B00021,,way/864485774,
SHA,B00022,,way/863999423,
SHA,B00023,,way/293862117,
SHA,B00024,,way/298215227,
SHA,B00025,,way/299010062,
SHA,B00026,,way/572270464,
SHA,B00027,,way/1233759499,
SHA,B00028,,way/1455091310,
SHA,B00029,,way/1234589215,
SHA,B00030,,way/461861121,
SHA,B00031,,way/643208317,
SHA,B00032,,way/863857938,
SHA,B00033,,way/1202552371,
SHA,B00034,,way/1433743015,
SHA,B00035,,way/1367350962,
SHA,B00036,,way/1435372642,
SHA,B00037,,way/1005505094,
SHA,B00038,,way/1233722784,
SHA,B00039,,way/169421693,
SHA,B00040,,way/1233813421,
SHA,B00041,,way/399692313,
SHA,B00042,,way/863804263,
SHA,B00043,,way/1199510411,
SHA,B00044,,way/859424268,
SHA,B00045,,way/369317550,
SHA,B00046,,way/858807433,
SHA,B00047,,way/501429428,
SHA,B00048,,way/1427705502,
SHA,B00049,,relation/19575398,
SHA,B00050,,way/1267906905,
SHA,B00051,,way/291063654,
SHA,B00052,,way/1465283057,
SHA,B00053,,way/687961266,
SHA,B00054,,way/206515891,
SHA,B00055,,way/859078965,
SHA,B00056,,way/389701987,
SHA,B00057,,way/957019624,
SHA,B00058,,relation/19572042,
SHA,B00059,,way/1427672105,
SHA,B00060,,way/877406314,
SHA,B00061,,way/862869013,
SHA,B00062,,way/862258534,
SHA,B00063,,way/431133099,
SHA,B00064,,way/1365730668,
SHA,B00065,,way/1209450935,
SHA,B00066,,way/611989001,
SHA,B00067,,relation/12981308,
SHA,B00068,,way/959064111,
SHA,B00069,,way/967274414,
SHA,B00070,,way/367248026,
SHA,B00071,,way/862259082,
SHA,B00072,,way/861215505,
SHA,B00073,,way/1473757262,
SHA,B00074,,way/372025673,
SHA,B00075,,way/1161556200,
SHA,B00076,,way/1318167327,
SHA,B00077,,way/1004581409,
SHA,B00078,,way/1353977018,
SHA,B00079,,relation/3677432,
SHA,B00080,,way/1340521776,
SHA,B00081,,way/864298598,
SHA,B00082,,way/865124241,
SHA,B00083,,way/865091985,
SHA,B00084,,way/864203411,
SHA,B00085,,way/1321057381,
SHA,B00086,,way/865092682,
SHA,B00087,,way/865092352,
SHA,B00088,,way/1489499831,
SHA,B00089,,way/1464587971,
SHA,B00090,,way/494842710,
SHA,B00091,,way/940766532,
SHA,B00092,,way/1368074047,
SHA,B00093,,way/1365925840,
SHA,B00094,,way/777403069,
SHA,B00095,,way/1389292660,
SHA,B00096,,way/1068859775,
SHA,B00097,,way/398280438,
SHA,B00098,,way/1057879671,
SHA,B00099,,way/704085035,
SHA,B00100,,way/1328837259,
SHA,B00101,,way/861234392,
SHA,B00102,,way/862439488,
SHA,B00103,,way/862869793,
SHA,B00104,,way/863188740,
SHA,B00105,,way/862247256,
SHA,B00106,,way/862247727,
SHA,B00107,,way/863176224,
SHA,B00108,,way/1296302722,
SHA,B00109,,way/1329312315,
SHA,B00110,,way/1296565721,
SHA,B00111,,way/862439175,
SHA,B00112,,way/863990688,
SHA,B00113,,way/694643668,
SHA,B00114,,way/1497058207,
SHA,B00115,,way/594098966,
SHA,B00116,,way/441881192,
SHA,B00117,,way/863176072,
SHA,B00118,,way/863175842,
SHA,B00119,,way/1219955221,
SHA,B00120,,way/1313421548,
SHA,B00121,,way/223861597,
SHA,B00122,,way/1343674553,
SHA,B00123,,way/294618118,
SHA,B00124,,way/298742800,
SHA,B00125,,way/1435330151,
SHA,B00126,,way/1287059333,
SHA,B00127,,way/1342600142,
SHA,B00128,,way/1391335464,
SHA,B00129,,way/1020143411,
SHA,B00130,,way/1234589212,
SHA,B00131,,way/548490899,
SHA,B00132,,way/863857895,
SHA,B00133,,way/1202438454,
SHA,B00134,,way/1434255078,
SHA,B00135,,relation/11759550,
SHA,B00136,,way/1201228817,
SHA,B00137,,way/369549378,
SHA,B00138,,way/1218766966,
SHA,B00139,,way/169420991,
SHA,B00140,,way/1233810526,
SHA,B00141,,way/548262843,
SHA,B00142,,way/494640875,
SHA,B00143,,way/1221228521,
SHA,B00144,,way/440734741,
SHA,B00145,,way/311065013,
SHA,B00146,,way/428179917,
SHA,B00147,,way/1429697215,
SHA,B00148,,way/1429905749,
SHA,B00149,,way/1435275230,
SHA,B00150,,way/136482330,
SHA,B00151,,way/862797697,
SHA,B00152,,way/129323968,
SHA,B00153,,way/1432015443,
SHA,B00154,,way/369342566,
SHA,B00155,,way/1198020600,
SHA,B00156,,way/380339930,
SHA,B00157,,way/964420074,
SHA,B00158,,way/960774524,
SHA,B00159,,way/1427672141,
SHA,B00160,,way/878591317,
SHA,B00161,,way/862258496,
SHA,B00162,,way/1464516300,
SHA,B00163,,way/1432478591,
SHA,B00164,,way/1212015021,
SHA,B00165,,way/1341527337,
SHA,B00166,,way/446937275,
SHA,B00167,,relation/12894552,
SHA,B00168,,way/1427664600,
SHA,B00169,,way/1546210137,
SHA,B00170,,way/1352524998,
SHA,B00171,,way/862868817,
SHA,B00172,,way/862259348,
SHA,B00173,,way/1459213705,
SHA,B00174,,way/416848447,
SHA,B00175,,way/1085786114,
SHA,B00176,,way/1318370637,
SHA,B00177,,way/1321659059,
SHA,B00178,,way/1353927271,
SHA,B00179,,way/481486494,
SHA,B00180,,way/1320453100,
SHA,B00181,,way/864298475,
SHA,B00182,,way/865124159,
SHA,B00183,,way/865092104,
SHA,B00184,,way/864203236,
SHA,B00185,,way/864484779,
SHA,B00186,,way/1080942015,
SHA,B00187,,way/439648970,
SHA,B00188,,way/865092220,
SHA,B00189,,way/1464587966,
SHA,B00190,,way/858724231,
SHA,B00191,,way/1059740653,
SHA,B00192,,way/1368629709,
SHA,B00193,,way/1016044694,
SHA,B00194,,way/1329667694,
SHA,B00195,,way/1389040058,
SHA,B00196,,way/433248144,
SHA,B00197,,way/1057777535,
SHA,B00198,,way/1317961246,
SHA,B00199,,way/916704896,
SHA,B00200,,way/704217543,
SHA,B00201,,way/861234669,
SHA,B00202,,way/862439514,
SHA,B00203,,way/863895624,
SHA,B00204,,way/798047432,
SHA,B00205,,way/862246844,
SHA,B00206,,way/862247532,
SHA,B00207,,way/863176336,
SHA,B00208,,way/1219949068,
SHA,B00209,,way/1329562040,
SHA,B00210,,way/1296565805,
SHA,B00211,,way/862439693,
SHA,B00212,,way/864485777,
SHA,B00213,,way/182652670,
SHA,B00214,,way/298960768,
SHA,B00215,,way/594098974,
SHA,B00216,,way/899640616,
SHA,B00217,,way/863176522,
SHA,B00218,,way/1431214037,
SHA,B00219,,way/1219955203,
SHA,B00220,,way/1296312121,
SHA,B00221,,way/864485808,
SHA,B00222,,way/864485837,
SHA,B00223,,way/292250764,
SHA,B00224,,way/293505597,
SHA,B00225,,way/1516161955,
SHA,B00226,,way/793731900,
SHA,B00227,,way/1086893685,
SHA,B00228,,way/1416759371,
SHA,B00229,,way/1234594797,
SHA,B00230,,way/1313421565,
SHA,B00231,,way/548392365,
SHA,B00232,,way/863857905,
SHA,B00233,,way/582914484,
SHA,B00234,,way/1434305114,
SHA,B00235,,way/293414308,
SHA,B00236,,way/1512914123,
SHA,B00237,,way/1429938703,
SHA,B00238,,way/1218766982,
SHA,B00239,,way/169410822,
SHA,B00240,,way/1355331870,
SHA,B00241,,way/399484303,
SHA,B00242,,way/864833977,
SHA,B00243,,way/317629047,
SHA,B00244,,way/1201934535,
SHA,B00245,,way/369237946,
SHA,B00246,,way/515758786,
SHA,B00247,,way/1429697308,
SHA,B00248,,relation/19604221,
SHA,B00249,,way/1435300722,
SHA,B00250,,way/1435597820,
SHA,B00251,,way/862868357,
SHA,B00252,,way/862868225,
SHA,B00253,,way/1220988206,
SHA,B00254,,way/859082570,
SHA,B00255,,way/369237942,
SHA,B00256,,relation/6651434,
SHA,B00257,,relation/12876242,
SHA,B00258,,way/1427539609,
SHA,B00259,,way/634779197,
SHA,B00260,,way/884387842,
SHA,B00261,,way/862258429,
SHA,B00262,,way/862258498,
SHA,B00263,,way/495703870,
SHA,B00264,,way/372025647,
SHA,B00265,,way/1209959257,
SHA,B00266,,way/446944634,
SHA,B00267,,way/959649120,
SHA,B00268,,way/967274329,
SHA,B00269,,way/1546210130,
SHA,B00270,,way/1546220618,
SHA,B00271,,way/862797687,
SHA,B00272,,way/862258924,
SHA,B00273,,way/1347025853,
SHA,B00274,,way/356864978,
SHA,B00275,,way/1387302980,
SHA,B00276,,way/1213148817,
SHA,B00277,,way/1352904844,
SHA,B00278,,way/1353927275,
SHA,B00279,,way/481486489,
SHA,B00280,,way/1340269232,
SHA,B00281,,way/862259053,
SHA,B00282,,way/862259001,
SHA,B00283,,way/1339101890,
SHA,B00284,,way/1064796245,
SHA,B00285,,way/1078079753,
SHA,B00286,,way/1193993668,
SHA,B00287,,way/439648971,
SHA,B00288,,way/865188777,
SHA,B00289,,way/1464587969,
SHA,B00290,,way/494839865,
SHA,B00291,,way/1386611040,
SHA,B00292,,way/1368419943,
SHA,B00293,,way/1366632206,
SHA,B00294,,way/1425401069,
SHA,B00295,,way/1425400978,
SHA,B00296,,way/1068848288,
SHA,B00297,,way/1057609887,
SHA,B00298,,way/1057879665,
SHA,B00299,,way/704215121,
SHA,B00300,,way/704217588,
SHA,B00301,,way/862387146,
SHA,B00302,,way/541849410,
SHA,B00303,,way/862878609,
SHA,B00304,,way/797595371,
SHA,B00305,,way/863176733,
SHA,B00306,,way/862247747,
SHA,B00307,,way/863176230,
SHA,B00308,,way/1296302729,
SHA,B00309,,way/1329562038,
SHA,B00310,,way/1296565750,
SHA,B00311,,way/862387046,
SHA,B00312,,way/863990564,
SHA,B00313,,way/694638889,
SHA,B00314,,way/694651534,
SHA,B00315,,way/1424700414,
SHA,B00316,,way/863176610,
SHA,B00317,,way/863176501,
SHA,B00318,,way/863176026,
SHA,B00319,,way/511071880,
SHA,B00320,,way/1296312130,
SHA,B00321,,way/443781216,
SHA,B00322,,way/173665639,
SHA,B00323,,way/1222250950,
SHA,B00324,,way/298768209,
SHA,B00325,,way/1435330152,
SHA,B00326,,way/1287059337,
SHA,B00327,,way/1342600131,
SHA,B00328,,way/1233721199,
SHA,B00329,,way/1194168270,
SHA,B00330,,way/1234594860,
SHA,B00331,,way/428379729,
SHA,B00332,,way/863857951,
SHA,B00333,,way/293434178,
SHA,B00334,,way/1274821135,
SHA,B00335,,way/1376988699,
SHA,B00336,,way/1512914142,
SHA,B00337,,way/1005505130,
SHA,B00338,,way/1356084343,
SHA,B00339,,way/169416152,
SHA,B00340,,way/289361538,
SHA,B00341,,way/548262825,
SHA,B00342,,way/863171148,
SHA,B00343,,way/894522663,
SHA,B00344,,way/1211972965,
SHA,B00345,,way/369237927,
SHA,B00346,,way/858824316,
SHA,B00347,,way/1198910524,
SHA,B00348,,way/1429929296,
SHA,B00349,,way/1427705367,
SHA,B00350,,way/877580116,
SHA,B00351,,way/387341261,
SHA,B00352,,way/1465031905,
SHA,B00353,,way/1467182600,
SHA,B00354,,way/1547612171,
SHA,B00355,,way/859078930,
SHA,B00356,,way/177931019,
SHA,B00357,,way/957019633,
SHA,B00358,,way/1427522249,
SHA,B00359,,way/559962232,
SHA,B00360,,way/1435822244,
SHA,B00361,,way/862258421,
SHA,B00362,,way/862259312,
SHA,B00363,,way/1465321534,
SHA,B00364,,way/666392880,
SHA,B00365,,way/859078944,
SHA,B00366,,way/311064999,
SHA,B00367,,way/307911305,
SHA,B00368,,way/967274425,
SHA,B00369,,way/1318478293,
SHA,B00370,,way/1352842387,
SHA,B00371,,way/862868843,
SHA,B00372,,way/862258933,
SHA,B00373,,way/1459235112,
SHA,B00374,,way/372025670,
SHA,B00375,,way/1085786142,
SHA,B00376,,way/1080930172,
SHA,B00377,,way/1454584058,
SHA,B00378,,way/1343534845,
SHA,B00379,,way/482813435,
SHA,B00380,,way/1320453108,
SHA,B00381,,way/862259146,
SHA,B00382,,way/861215691,
SHA,B00383,,way/865091965,
SHA,B00384,,way/864293920,
SHA,B00385,,way/1389049688,
SHA,B00386,,way/864484575,
SHA,B00387,,way/1296419526,
SHA,B00388,,way/1489499756,
SHA,B00389,,way/1095587827,
SHA,B00390,,way/858724235,
SHA,B00391,,way/1059740607,
SHA,B00392,,way/1365894668,
SHA,B00393,,way/1016044690,
SHA,B00394,,way/1329667705,
SHA,B00395,,way/1271495666,
SHA,B00396,,way/436877326,
SHA,B00397,,way/547204855,
SHA,B00398,,way/1318479372,
SHA,B00399,,way/704215046,
SHA,B00400,,way/704217581,
SHA,B00401,,way/541861218,
SHA,B00402,,way/862439558,
SHA,B00403,,way/862869810,
SHA,B00404,,way/798047426,
SHA,B00405,,way/862247482,
SHA,B00406,,way/862246810,
SHA,B00407,,way/865188822,
SHA,B00408,,way/1296302826,
SHA,B00409,,way/1329562016,
SHA,B00410,,way/1234809101,
SHA,B00411,,way/862387054,
SHA,B00412,,way/863990704,
SHA,B00413,,way/863188762,
SHA,B00414,,way/372649248,
SHA,B00415,,way/1388203597,
SHA,B00416,,way/863176514,
SHA,B00417,,way/863176149,
SHA,B00418,,way/863175778,
SHA,B00419,,way/1219955216,
SHA,B00420,,way/1296565795,
SHA,B00421,,way/861234717,
SHA,B00422,,way/864000090,
SHA,B00423,,way/1117672441,
SHA,B00424,,way/283054499,
SHA,B00425,,way/1512359808,
SHA,B00426,,way/793731901,
SHA,B00427,,way/979459679,
SHA,B00428,,way/1233721215,
SHA,B00429,,way/1234594832,
SHA,B00430,,way/1025550805,
SHA,B00431,,way/493383438,
SHA,B00432,,way/863857896,
SHA,B00433,,way/298276005,
SHA,B00434,,way/1360242445,
SHA,B00435,,way/859467738,
SHA,B00436,,way/1286965357,
SHA,B00437,,way/1286966222,
SHA,B00438,,way/1218766949,
SHA,B00439,,way/1194168263,
SHA,B00440,,way/1233810552,
SHA,B00441,,way/376378587,
SHA,B00442,,way/864823464,
SHA,B00443,,way/448178910,
SHA,B00444,,way/859424282,
SHA,B00445,,way/143542720,
SHA,B00446,,way/228035332,
SHA,B00447,,way/1429697227,
SHA,B00448,,way/1429734859,
SHA,B00449,,way/1427672211,
SHA,B00450,,relation/19680418,
SHA,B00451,,way/949948323,
SHA,B00452,,way/1365763265,
SHA,B00453,,way/1467790623,
SHA,B00454,,way/1200057152,
SHA,B00455,,way/1197562476,
SHA,B00456,,way/378107099,
SHA,B00457,,relation/12871466,
SHA,B00458,,way/1428265636,
SHA,B00459,,way/1428265785,
SHA,B00460,,way/1435836018,
SHA,B00461,,way/862798103,
SHA,B00462,,way/862258878,
SHA,B00463,,way/1246090692,
SHA,B00464,,way/1365724634,
SHA,B00465,,way/1267594546,
SHA,B00466,,way/1377249996,
SHA,B00467,,way/1352843192,
SHA,B00468,,way/457036355,
SHA,B00469,,way/1360067282,
SHA,B00470,,way/1346994888,
SHA,B00471,,way/1376377397,
SHA,B00472,,way/1420660995,
SHA,B00473,,way/1459235127,
SHA,B00474,,way/416848450,
SHA,B00475,,way/1085786097,
SHA,B00476,,way/1080930170,
SHA,B00477,,way/1193926830,
SHA,B00478,,way/1343534846,
SHA,B00479,,way/482813484,
SHA,B00480,,way/1066661591,
SHA,B00481,,way/864293730,
SHA,B00482,,way/1101710025,
SHA,B00483,,way/865091956,
SHA,B00484,,way/1389586498,
SHA,B00485,,way/1389313708,
SHA,B00486,,way/865092702,
SHA,B00487,,way/864413256,
SHA,B00488,,way/865092161,
SHA,B00489,,way/1464587965,
SHA,B00490,,way/494839869,
SHA,B00491,,way/1059640312,
SHA,B00492,,way/1365894672,
SHA,B00493,,way/1365925846,
SHA,B00494,,way/1329667724,
SHA,B00495,,way/1389040077,
SHA,B00496,,way/435088975,
SHA,B00497,,way/547205150,
SHA,B00498,,way/450695394,
SHA,B00499,,way/1304022152,
SHA,B00500,,way/858724084,
SHA,B00501,,way/542052366,
SHA,B00502,,way/541849403,
SHA,B00503,,way/863182196,
SHA,B00504,,way/863188741,
SHA,B00505,,way/1269024702,
SHA,B00506,,way/863175498,
SHA,B00507,,way/863175960,
SHA,B00508,,way/1219945725,
SHA,B00509,,way/1229255958,
SHA,B00510,,way/1211188123,
SHA,B00511,,way/862439137,
SHA,B00512,,way/861211754,
SHA,B00513,,way/863188753,
SHA,B00514,,way/694651516,
SHA,B00515,,way/594098976,
SHA,B00516,,way/524011553,
SHA,B00517,,way/863175893,
SHA,B00518,,way/1416759372,
SHA,B00519,,way/1219955212,
SHA,B00520,,way/1472449587,
SHA,B00521,,way/763935219,
SHA,B00522,,way/864485600,
SHA,B00523,,way/1222183641,
SHA,B00524,,way/372649274,
SHA,B00525,,way/299225195,
SHA,B00526,,way/1287060499,
SHA,B00527,,way/783350241,
SHA,B00528,,way/1416759381,
SHA,B00529,,way/1234589217,
SHA,B00530,,way/1234589222,
SHA,B00531,,way/548496821,
SHA,B00532,,way/864844045,
SHA,B00533,,way/790826929,
SHA,B00534,,way/1199456365,
SHA,B00535,,way/1376988836,
SHA,B00536,,way/859488775,
SHA,B00537,,way/1005505103,
SHA,B00538,,way/1286966933,
SHA,B00539,,way/1380683444,
SHA,B00540,,way/907,
SHA,B00541,,way/391602912,
SHA,B00542,,way/863171456,
SHA,B00543,,way/1221276327,
SHA,B00544,,way/1200750007,
SHA,B00545,,way/10628441,
SHA,B00546,,way/505643597,
SHA,B00547,,way/505655115,
SHA,B00548,,way/1429905783,
SHA,B00549,,way/942639371,
SHA,B00550,,way/1323737163,
SHA,B00551,,way/862868505,
SHA,B00552,,way/862868243,
SHA,B00553,,way/1200585432,
SHA,B00554,,way/1547410430,
SHA,B00555,,way/447021757,
SHA,B00556,,way/380339832,
SHA,B00557,,way/957019636,
SHA,B00558,,way/1273967871,
SHA,B00559,,way/136482802,
SHA,B00560,,way/878586446,
SHA,B00561,,way/862868951,
SHA,B00562,,way/862258661,
SHA,B00563,,way/432976624,
SHA,B00564,,way/666392882,
SHA,B00565,,way/293504478,
SHA,B00566,,way/446937014,
SHA,B00567,,way/534041329,
SHA,B00568,,way/967274327,
SHA,B00569,,way/763075868,
SHA,B00570,,way/1346994882,
SHA,B00571,,way/862797668,
SHA,B00572,,way/861215804,
SHA,B00573,,way/1462478035,
SHA,B00574,,way/1433496462,
SHA,B00575,,way/1362016651,
SHA,B00576,,way/1194002944,
SHA,B00577,,way/1320150891,
SHA,B00578,,way/1322937487,
SHA,B00579,,way/481486396,
SHA,B00580,,way/1530288832,
SHA,B00581,,way/862259149,
SHA,B00582,,way/862259008,
SHA,B00583,,way/864290021,
SHA,B00584,,way/777420703,
SHA,B00585,,way/1076763962,
SHA,B00586,,way/1385150520,
SHA,B00587,,way/1084443568,
SHA,B00588,,way/865188771,
SHA,B00589,,way/1092889810,
SHA,B00590,,way/1318378145,
SHA,B00591,,way/1301508619,
SHA,B00592,,way/1368629664,
SHA,B00593,,way/1016044691,
SHA,B00594,,way/1329667697,
SHA,B00595,,way/1389292654,
SHA,B00596,,way/1051527999,
SHA,B00597,,way/439647093,
SHA,B00598,,way/176969038,
SHA,B00599,,way/1328945838,
SHA,B00600,,way/858724406,
SHA,B00601,,way/862439733,
SHA,B00602,,way/862439551,
SHA,B00603,,way/863895588,
SHA,B00604,,way/798047423,
SHA,B00605,,way/862247480,
SHA,B00606,,way/863176376,
SHA,B00607,,way/863175509,
SHA,B00608,,way/1219949036,
SHA,B00609,,way/1229236355,
SHA,B00610,,way/1234787862,
SHA,B00611,,way/862439724,
SHA,B00612,,way/863999320,
SHA,B00613,,way/863188776,
SHA,B00614,,way/694662932,
SHA,B00615,,way/594098970,
SHA,B00616,,way/524011522,
SHA,B00617,,way/863176431,
SHA,B00618,,way/863175878,
SHA,B00619,,way/1219955197,
SHA,B00620,,way/1234809090,
SHA,B00621,,way/863165282,
SHA,B00622,,way/864485621,
SHA,B00623,,way/1213841671,
SHA,B00624,,way/298216997,
SHA,B00625,,way/299010081,
SHA,B00626,,way/298132744,
SHA,B00627,,way/1333164893,
SHA,B00628,,way/1233721220,
SHA,B00629,,way/1234594805,
SHA,B00630,,way/1234589233,
SHA,B00631,,way/770930601,
SHA,B00632,,way/864493104,
SHA,B00633,,way/1204092487,
SHA,B00634,,way/1434255039,
SHA,B00635,,way/682223780,
SHA,B00636,,way/1512914143,
SHA,B00637,,way/159942155,
SHA,B00638,,way/1431208155,
SHA,B00639,,way/1380683466,
SHA,B00640,,way/289361537,
SHA,B00641,,way/399620552,
SHA,B00642,,way/864833998,
SHA,B00643,,way/1201934547,
SHA,B00644,,way/859457522,
SHA,B00645,,way/693448182,
SHA,B00646,,way/505633430,
SHA,B00647,,way/964420128,
SHA,B00648,,way/1429905546,
SHA,B00649,,way/1428288575,
SHA,B00650,,way/885551075,
SHA,B00651,,way/169922746,
SHA,B00652,,way/862868168,
SHA,B00653,,way/1199470371,
SHA,B00654,,way/1547410795,
SHA,B00655,,way/859086176,
SHA,B00656,,way/178406075,
SHA,B00657,,way/957019652,
SHA,B00658,,way/1427664648,
SHA,B00659,,way/801027538,
SHA,B00660,,way/877406329,
SHA,B00661,,way/862797770,
SHA,B00662,,way/862258703,
SHA,B00663,,way/165791547,
SHA,B00664,,way/356865048,
SHA,B00665,,way/1198867493,
SHA,B00666,,way/177930855,
SHA,B00667,,way/534041310,
SHA,B00668,,way/967274408,
SHA,B00669,,way/1318478300,
SHA,B00670,,way/1546227027,
SHA,B00671,,way/861215977,
SHA,B00672,,way/861215508,
SHA,B00673,,way/1347024732,
SHA,B00674,,way/1462465934,
SHA,B00675,,way/1085786155,
SHA,B00676,,way/1175888498,
SHA,B00677,,way/1321651583,
SHA,B00678,,way/1271990224,
SHA,B00679,,way/482813481,
SHA,B00680,,way/1340308777,
SHA,B00681,,way/862259031,
SHA,B00682,,way/861215700,
SHA,B00683,,relation/11808865,
SHA,B00684,,way/864203220,
SHA,B00685,,way/1164337928,
SHA,B00686,,way/588615266,
SHA,B00687,,way/864413311,
SHA,B00688,,way/865092221,
SHA,B00689,,way/1418304492,
SHA,B00690,,way/1367357870,
SHA,B00691,,way/1386609254,
SHA,B00692,,way/1368617361,
SHA,B00693,,way/1016044686,
SHA,B00694,,way/777420738,
SHA,B00695,,way/1389040013,
SHA,B00696,,way/1068911064,
SHA,B00697,,way/183388128,
SHA,B00698,,way/1422305092,
SHA,B00699,,way/916704911,
SHA,B00700,,way/704081323,
SHA,B00701,,way/861234499,
SHA,B00702,,way/862439662,
SHA,B00703,,way/862878715,
SHA,B00704,,way/863187007,
SHA,B00705,,way/862246825,
SHA,B00706,,way/862246776,
SHA,B00707,,way/863175720,
SHA,B00708,,way/1296302725,
SHA,B00709,,way/1329312287,
SHA,B00710,,way/1235755019,
SHA,B00711,,way/862439132,
SHA,B00712,,way/863990648,
SHA,B00713,,way/694643676,
SHA,B00714,,way/372649230,
SHA,B00715,,way/1329385323,
SHA,B00716,,way/863175516,
SHA,B00717,,way/473380644,
SHA,B00718,,way/169558771,
SHA,B00719,,way/1219955194,
SHA,B00720,,way/1234808985,
SHA,B00721,,way/863171059,
SHA,B00722,,way/863999370,
SHA,B00723,,way/1213991048,
SHA,B00724,,way/293512906,
SHA,B00725,,way/299010090,
SHA,B00726,,way/1515076953,
SHA,B00727,,way/1086893665,
SHA,B00728,,way/1391335467,
SHA,B00729,,way/1234594779,
SHA,B00730,,way/1233813477,
SHA,B00731,,way/548509831,
SHA,B00732,,way/864823807,
SHA,B00733,,way/792991740,
SHA,B00734,,way/1360306989,
SHA,B00735,,way/1365659877,
SHA,B00736,,way/505633364,
SHA,B00737,,way/159942157,
SHA,B00738,,way/1355688640,
SHA,B00739,,way/1435346795,
SHA,B00740,,way/1355331866,
SHA,B00741,,way/391544494,
SHA,B00742,,way/863171351,
SHA,B00743,,way/1202497487,
SHA,B00744,,way/1200841051,
SHA,B00745,,way/408450691,
SHA,B00746,,way/1424106434,
SHA,B00747,,relation/19601012,
SHA,B00748,,way/1427705500,
SHA,B00749,,relation/19583471,
SHA,B00750,,relation/19680894,
SHA,B00751,,way/862797733,
SHA,B00752,,way/862868197,
SHA,B00753,,relation/20052515,
SHA,B00754,,way/1200027142,
SHA,B00755,,way/859086181,
SHA,B00756,,way/1267682863,
SHA,B00757,,way/165168178,
SHA,B00758,,way/1427493040,
SHA,B00759,,way/1478750050,
SHA,B00760,,way/877406331,
SHA,B00761,,way/862868942,
SHA,B00762,,way/861109057,
SHA,B00763,,way/1464363924,
SHA,B00764,,way/372025656,
SHA,B00765,,way/1267594541,
SHA,B00766,,way/612183595,
SHA,B00767,,way/165168430,
SHA,B00768,,way/1370142135,
SHA,B00769,,way/1318478298,
SHA,B00770,,way/1546220281,
SHA,B00771,,way/861215981,
SHA,B00772,,way/861215924,
SHA,B00773,,way/1347024711,
SHA,B00774,,way/356865027,
SHA,B00775,,way/1447173513,
SHA,B00776,,way/1296293848,
SHA,B00777,,way/1321617218,
SHA,B00778,,way/1353902117,
SHA,B00779,,way/1343534847,
SHA,B00780,,way/1340521783,
SHA,B00781,,way/862259174,
SHA,B00782,,way/1287280819,
SHA,B00783,,way/864290101,
SHA,B00784,,way/1329667688,
SHA,B00785,,way/1093121708,
SHA,B00786,,way/1213148828,
SHA,B00787,,way/864413236,
SHA,B00788,,way/865092249,
SHA,B00789,,way/983163983,
SHA,B00790,,way/1367357871,
SHA,B00791,,way/1386611019,
SHA,B00792,,way/1366757775,
SHA,B00793,,way/257375331,
SHA,B00794,,way/1384097660,
SHA,B00795,,way/1073288433,
SHA,B00796,,way/1068848266,
SHA,B00797,,way/1057879636,
SHA,B00798,,way/1068915148,
SHA,B00799,,way/1354647765,
SHA,B00800,,way/858724391,
SHA,B00801,,way/861234496,
SHA,B00802,,way/862439617,
SHA,B00803,,way/863182485,
SHA,B00804,,way/863895529,
SHA,B00805,,way/862247005,
SHA,B00806,,way/862247732,
SHA,B00807,,way/863176247,
SHA,B00808,,way/865188781,
SHA,B00809,,way/1229248646,
SHA,B00810,,way/1233779049,
SHA,B00811,,way/862439301,
SHA,B00812,,way/863990649,
SHA,B00813,,way/969542041,
SHA,B00814,,way/694651530,
SHA,B00815,,relation/19063615,
SHA,B00816,,way/1461436627,
SHA,B00817,,way/863176475,
SHA,B00818,,way/1416759387,
SHA,B00819,,way/499566130,
SHA,B00820,,way/1296312140,
SHA,B00821,,way/863171086,
SHA,B00822,,way/1343674552,
SHA,B00823,,way/1273596375,
SHA,B00824,,way/298742796,
SHA,B00825,,way/1512359804,
SHA,B00826,,way/441873536,
SHA,B00827,,way/1342600136,
SHA,B00828,,way/1233721237,
SHA,B00829,,way/1234594813,
SHA,B00830,,way/1153929818,
SHA,B00831,,way/548496849,
SHA,B00832,,way/864843953,
SHA,B00833,,way/1199411746,
SHA,B00834,,way/1360352463,
SHA,B00835,,way/1376988766,
SHA,B00836,,way/729793773,
SHA,B00837,,way/859488833,
SHA,B00838,,way/1286966916,
SHA,B00839,,way/1435346761,
SHA,B00840,,way/1233810513,
SHA,B00841,,way/391407242,
SHA,B00842,,way/516851027,
SHA,B00843,,way/1221227027,
SHA,B00844,,way/494956478,
SHA,B00845,,way/734452853,
SHA,B00846,,way/505661359,
SHA,B00847,,way/1429697220,
SHA,B00848,,way/1429905607,
SHA,B00849,,way/1435275276,
SHA,B00850,,relation/19680902,
SHA,B00851,,way/862868654,
SHA,B00852,,way/1465270235,
SHA,B00853,,way/1467212657,
SHA,B00854,,way/1357689283,
SHA,B00855,,way/440024346,
SHA,B00856,,way/378107171,
SHA,B00857,,way/969466751,
SHA,B00858,,way/1427672081,
SHA,B00859,,way/1435300684,
SHA,B00860,,way/1435602943,
SHA,B00861,,way/862797473,
SHA,B00862,,way/862868289,
SHA,B00863,,way/1464270259,
SHA,B00864,,way/1212015003,
SHA,B00865,,way/666392872,
SHA,B00866,,way/1198044608,
SHA,B00867,,way/534041297,
SHA,B00868,,way/959022779,
SHA,B00869,,way/1360067284,
SHA,B00870,,way/1546209243,
SHA,B00871,,way/489758231,
SHA,B00872,,way/862258928,
SHA,B00873,,way/1347024737,
SHA,B00874,,way/372025579,
SHA,B00875,,way/1302220801,
SHA,B00876,,way/1213307854,
SHA,B00877,,way/1339182855,
SHA,B00878,,way/1321651586,
SHA,B00879,,way/1318378138,
SHA,B00880,,way/1530288835,
SHA,B00881,,way/862259087,
SHA,B00882,,way/865124322,
SHA,B00883,,way/864290145,
SHA,B00884,,way/864290133,
SHA,B00885,,way/1389049657,
SHA,B00886,,way/1073535992,
SHA,B00887,,way/1007802116,
SHA,B00888,,way/1354191833,
SHA,B00889,,way/1068915933,
SHA,B00890,,way/1367363612,
SHA,B00891,,way/1301356202,
SHA,B00892,,way/1365972954,
SHA,B00893,,way/1016044682,
SHA,B00894,,way/1329667728,
SHA,B00895,,way/1389292732,
SHA,B00896,,way/729113596,
SHA,B00897,,way/398280411,
SHA,B00898,,way/1536464404,
SHA,B00899,,way/704215122,
SHA,B00900,,way/858724388,
SHA,B00901,,way/375199012,
SHA,B00902,,way/862869847,
SHA,B00903,,way/862878640,
SHA,B00904,,way/863895524,
SHA,B00905,,way/863176743,
SHA,B00906,,way/862246852,
SHA,B00907,,way/863176444,
SHA,B00908,,way/1222185001,
SHA,B00909,,way/1229256000,
SHA,B00910,,way/1234787863,
SHA,B00911,,way/862387066,
SHA,B00912,,way/863990570,
SHA,B00913,,way/377222880,
SHA,B00914,,way/694662930,
SHA,B00915,,way/1425255820,
SHA,B00916,,way/863176561,
SHA,B00917,,way/863176061,
SHA,B00918,,way/169558766,
SHA,B00919,,way/499566125,
SHA,B00920,,way/1234809105,
SHA,B00921,,way/863171057,
SHA,B00922,,way/864493209,
SHA,B00923,,way/1220678611,
SHA,B00924,,way/293024951,
SHA,B00925,,way/299010093,
SHA,B00926,,way/1159141673,
SHA,B00927,,way/783350240,
SHA,B00928,,way/969230074,
SHA,B00929,,way/1234594808,
SHA,B00930,,way/1234589238,
SHA,B00931,,way/548482069,
SHA,B00932,,way/864823867,
SHA,B00933,,way/582302370,
SHA,B00934,,way/1433681932,
SHA,B00935,,way/859488802,
SHA,B00936,,way/729793770,
SHA,B00937,,way/1286965534,
SHA,B00938,,way/1286968856,
SHA,B00939,,way/1349753164,
SHA,B00940,,way/1233813439,
SHA,B00941,,way/396905299,
SHA,B00942,,way/864834020,
SHA,B00943,,way/1246090681,
SHA,B00944,,way/757498894,
SHA,B00945,,way/282881404,
SHA,B00946,,way/505633407,
SHA,B00947,,way/501429425,
SHA,B00948,,relation/19604320,
SHA,B00949,,way/1427705351,
SHA,B00950,,way/885540863,
SHA,B00951,,way/862868580,
SHA,B00952,,way/1465355222,
SHA,B00953,,way/431888175,
SHA,B00954,,way/1547410446,
SHA,B00955,,way/369317583,
SHA,B00956,,way/446934327,
SHA,B00957,,way/1427539584,
SHA,B00958,,way/1427493032,
SHA,B00959,,way/1427672100,
SHA,B00960,,way/1435822249,
SHA,B00961,,way/862797762,
SHA,B00962,,way/862259302,
SHA,B00963,,way/966095523,
SHA,B00964,,way/479425721,
SHA,B00965,,way/666392879,
SHA,B00966,,way/446936795,
SHA,B00967,,way/1428265790,
SHA,B00968,,way/1427664615,
SHA,B00969,,way/1318478303,
SHA,B00970,,way/1546227050,
SHA,B00971,,way/1376443240,
SHA,B00972,,way/862259334,
SHA,B00973,,way/1363506374,
SHA,B00974,,way/372025679,
SHA,B00975,,way/1488747503,
SHA,B00976,,way/1194002946,
SHA,B00977,,way/1321659416,
SHA,B00978,,way/1352905202,
SHA,B00979,,way/481486388,
SHA,B00980,,way/1340521772,
SHA,B00981,,way/864298528,
SHA,B00982,,way/861215581,
SHA,B00983,,way/865091975,
SHA,B00984,,way/864203423,
SHA,B00985,,way/1389313645,
SHA,B00986,,way/588615264,
SHA,B00987,,way/864413358,
SHA,B00988,,way/865188769,
SHA,B00989,,way/1328836959,
SHA,B00990,,way/1367363611,
SHA,B00991,,way/1059740602,
SHA,B00992,,way/1368619196,
SHA,B00993,,way/1016044688,
SHA,B00994,,way/777420773,
SHA,B00995,,way/1389040065,
SHA,B00996,,way/1068498201,
SHA,B00997,,way/1489485198,
SHA,B00998,,way/1057879661,
SHA,B00999,,way/1304022151,
SHA,B01000,,way/916704872,
